hsa-mir-609,Crizotinib
hsa-mir-3681,Ixazomib
hsa-mir-1260a,Docetaxel
hsa-mir-1267,Dexamethasone
hsa-mir-208a,Exemestane
hsa-mir-141,ABT-737
hsa-mir-518c,Prednisone (R-CHOP)
hsa-mir-645,Teniposide
hsa-mir-135b,Sorafenib
hsa-mir-410,Imatinib
hsa-mir-1281,Homoharringtonine
hsa-mir-29c,Capsaicin
hsa-mir-944,ABT-737
hsa-mir-153-1,Doxycycline
hsa-mir-1255a,Dasatinib
hsa-mir-4535,Cyclopamine
hsa-mir-610,Nutlin
hsa-mir-513b,Topotecan
hsa-mir-767,Cetuximab
hsa-mir-3188,Sunitinib
hsa-mir-506,Tamoxifen
hsa-mir-132,Sunitinib
hsa-mir-3619,Celastrol
hsa-mir-1273c,Oxaliplatin
hsa-mir-181a-2,Tanespimycin
hsa-mir-326,DAPT (GSI-IX)
hsa-mir-519d,Cetuximab
hsa-mir-611,Cyclophosphamide
hsa-mir-3621,Tamoxifen
hsa-mir-3186,Vorinostat
hsa-mir-718,Tanespimycin
hsa-mir-523,Ixazomib
hsa-mir-4732,Capsaicin
hsa-mir-758,Vincristine
hsa-mir-200c,Dexamethasone
hsa-mir-612,Epigallocatechin Gallate
hsa-mir-4685,Bortezomib
hsa-mir-1178,Gefitinib
hsa-mir-1246,Pemetrexed
hsa-mir-591,Melphalan
rno-mir-93,Mitomycin C
hsa-mir-3187,Docetaxel
hsa-mir-376b,Vorinostat
hsa-mir-647,Cyclophosphamide
hsa-mir-4678,Sorafenib
hsa-mir-510,Carmustine
hsa-mir-924,Epothilone B
hsa-mir-3937,Vinblastine
hsa-mir-1281,Olaparib
hsa-mir-376a-1,Betulinic Acid
hsa-mir-99a,Etoposide
hsa-mir-1293,Sorafenib
hcmv-mir-US25-2,Clopidogrel
hsa-mir-34c,Bortezomib
hsa-mir-23a,ABT-737
hsa-mir-4466,Cetuximab
hsa-mir-548c,Methylmethcathinone
hsa-mir-1253,PD-0325901
hsa-mir-3150b,Epothilone B
hsa-mir-766,Tamoxifen
hsa-mir-302a,Curcumin
hsa-mir-892b,U0126
hsa-mir-4783,Teniposide
hsa-mir-3186,Cyclophosphamide
hsa-mir-4488,AGRO100
hsa-mir-146b,Decitabine
hsa-mir-142,Curcumin
hsa-mir-1202,Trastuzumab
hsa-mir-1-1,Carmustine
hsa-mir-222,Bleomicin
hsa-mir-15a,Cetuximab
hsa-mir-541,Sunitinib
hsa-mir-374a,Dihydrotestosterone
hsa-mir-455,Lapatinib
hsa-mir-147b,Daunorubicin
hsa-mir-487a,Betulinic Acid
hsa-mir-1182,Sirolimus
hsa-mir-579,Vinblastine
hsa-mir-659,Staurosporine
hsa-mir-1285-1,ABT-737
hcmv-mir-US25-2,Epothilone B
hsa-mir-1261,Clopidogrel
hsa-mir-1206,Carmustine
hsa-mir-365b,Docetaxel
hsa-mir-640,Fludarabine
hsa-mir-520e,PLX4720
hsa-mir-4707,Mafosfamide
hsa-mir-3198-1,Teniposide
hsa-mir-1246,Dibenziodolium
hsa-mir-378c,Carboplatin
hsa-mir-432,Cytarabine
hsa-mir-4516,Melphalan
hsa-mir-153-1,Decitabine
hsa-mir-615,Bortezomib
hsa-mir-668,AGRO100
hsa-mir-218-1,Selumetinib
hsa-mir-877,Sirolimus
hsa-mir-1913,PU-H71
hsa-mir-375,ABT-737
hsa-mir-1261,Sorafenib
hsa-let-7f-1,DAPT (GSI-IX)
hsa-mir-99b,Olaparib
hsa-mir-4492,Sirolimus
hsa-mir-516a-1,Anastrozole
hsa-mir-218-1,Ribavirin
hsa-mir-1292,AG014699
hsa-mir-33a,Cyclophosphamide
hsa-mir-126,PU-H71
hsa-mir-652,Pemetrexed
hsa-mir-3135a,Paclitaxel
hsa-mir-496,Oxaliplatin
hsa-mir-3177,RAWQ01 (Ruthenium)
hsa-mir-4644,Carboplatin
hsa-mir-506,ABT-263 (navitoclax)
hsa-mir-652,Olaparib
hsa-mir-195,Teniposide
hsa-mir-409,Carmustine
hsa-mir-639,Hydrogen Peroxide (H2O2)
hsa-mir-34a,DAPT (GSI-IX)
hsa-mir-505,PD-0325901
hsa-mir-147a,Sirolimus
hsa-mir-34c,Tamoxifen
hsa-mir-423,Prednisone (R-CHOP)
hsa-mir-101-1,Fludarabine
hsa-mir-4279,Cisplatin
hsa-mir-145,Decitabine
hsa-mir-485,ABT-737
hsa-mir-503,AG014699
hsa-mir-591,Tanespimycin
hsa-mir-2114,Clopidogrel
hsa-mir-653,Rituximab
hsa-mir-4447,Rituximab
hsa-mir-1182,Dasatinib
hsa-mir-548h-1,Gemcitabine
hsa-mir-320d-1,Teniposide
hsa-mir-320b-1,Epirubicin
hsa-mir-3184,Letrozole
hsa-mir-7-1,Nilotinib
hsa-mir-545,Dasatinib
hsa-mir-421,Epirubicin HCl
hsa-mir-499a,Decitabine
hsa-mir-378a,Camptothecin
hsa-mir-483,Bortezomib
hsa-mir-345,Paroxetine
hsa-mir-4655,Ixazomib
hsa-mir-509-1,Prednisone (R-CHOP)
hsa-mir-1183,Epirubicin
hsa-mir-431,Carboplatin
hsa-mir-1178,Ribavirin
hsa-mir-4685,Selumetinib
hsa-mir-548m,Gefitinib
hsa-mir-940,Bleomicin
hsa-mir-197,Epirubicin HCl
hsa-mir-34b,Teniposide
hsa-mir-521-1,Sorafenib
hsa-mir-380,Dasatinib
hsa-mir-3621,AGRO100
hsa-mir-550a-1,Carboplatin
hsa-mir-564,Cetuximab
hsa-mir-640,Dexamethasone
hsa-mir-1296,Rituximab
hsa-mir-663a,Sirolimus
hsa-mir-1288,Paroxetine
hsa-mir-127,Teniposide
hsa-mir-770,Prednisone (R-CHOP)
hsa-mir-593,Etoposide
hsa-mir-466,Epirubicin HCl
hsa-mir-519a-1,Paclitaxel
hsa-mir-486-1,Celastrol
hsa-mir-1224,Sunitinib
hsa-mir-18b,Cetuximab
hsa-mir-381,Anastrozole
hsa-mir-1281,Staurosporine
hsa-mir-3917,Selumetinib
hsa-mir-1973,Vinblastine
hsa-mir-2682,Erlotinib
hsa-mir-15a,Sirolimus
hsa-mir-105-1,Pemetrexed
hsa-mir-152,Cytarabine
hsa-mir-635,Trichostatin A
hsa-mir-598,Paroxetine
hsa-mir-137,Oxaliplatin
hsa-mir-3130-1,Rituximab
hsa-mir-4289,Daunorubicin
hsa-mir-16-1,Tanespimycin
hsa-mir-4311,Levetiracetam(LEV)
hsa-mir-1197,Verapamil
hsa-mir-329-1,Sorafenib
hsa-mir-497,Docetaxel
hsa-mir-876,Carfilzomib
hsa-mir-627,Rituximab
hsa-mir-569,Prednisone (R-CHOP)
hsa-mir-802,Prednisolone
hsa-mir-634,Lapatinib
hsa-mir-4463,Dexamethasone
hsa-mir-378a,Ixazomib
hsa-mir-4791,Oxaliplatin
hsa-mir-4763,Curcumin
hsa-mir-3130-1,Sunitinib
hsa-mir-648,AG014699
hsa-mir-1273c,Vincristine
hsa-mir-139,Tetrahydropalmatine
hsa-mir-526b,Dasatinib
hsa-mir-382,Daunorubicin
hsa-mir-99b,Epothilone B
hsa-mir-3654,Sorafenib
hsa-mir-606,Celastrol
hsa-mir-874,Cyclophosphamide
hsa-mir-302a,Methotrexate
hsa-mir-196b,Nilotinib
hsa-mir-301b,Mitomycin C
hsa-mir-638,Neratinib
hsa-mir-302c,U0126
hsa-mir-4430,Etoposide
hsa-mir-548a-2,Capecitabine
hsa-mir-141,Genistein
hsa-mir-4487,Cisplatin
hsa-mir-340,Mitoxantrone
hsa-mir-1264,Carmustine
hsa-mir-3660,Levetiracetam(LEV)
hsa-mir-4487,DAPT (GSI-IX)
hsa-mir-34c,Prednisone (R-CHOP)
hsa-mir-569,Mitomycin C
hsa-mir-3185,10-Hydroxycamptothecin (HCPT)
hsa-mir-1265,Prednisone (R-CHOP)
hsa-mir-3149,Cetuximab
hsa-mir-23c,5-Fluorouracil
hsa-mir-515-1,Homoharringtonine
hsa-mir-1258,Carfilzomib
hsa-mir-577,U0126
hsa-mir-4284,Capsaicin
hsa-mir-619,Temozolomide
hsa-mir-3621,Curcumin
hsa-mir-587,Sirolimus
hsa-mir-30b,Cyclophosphamide
hsa-mir-98,Mafosfamide
hsa-mir-183,Lapatinib
hsa-mir-4758,Vincristine
hsa-mir-17,Gefitinib
hsa-mir-21,Decitabine
hsa-mir-4521,Vemurafenib
hsa-mir-548a-1,Genistein
hsa-mir-4723,Doxorubicin (Adriamycin)
hsa-mir-1291,Rituximab
hsa-mir-199a-1,Decitabine
hsa-mir-1269a,Retinoic Acid
hsa-mir-569,Bortezomib
hsa-mir-3130-1,Nilotinib
hsa-mir-146a,Hydrogen Peroxide (H2O2)
hsa-mir-107,Epothilone B
hsa-mir-4701,Daunorubicin
hsa-mir-375,Prednisolone
hsa-mir-140,Temozolomide
hsa-mir-448,U0126
hsa-mir-196b,Hydroxyurea
hsa-mir-541,Epirubicin
hsa-mir-1268a,ABT-263 (navitoclax)
hsa-mir-375,Decitabine
hsa-mir-7-3,Mafosfamide
hsa-mir-371b,Capecitabine
hsa-mir-130b,Vincristine
hsa-mir-610,Homoharringtonine
hsa-mir-184,Celastrol
hsa-mir-634,Vinorelbine
hsa-mir-582,Nilotinib
hsa-mir-568,Betulinic Acid
hsa-mir-3146,Bleomicin
hsa-mir-380,AG014699
hsa-mir-1288,Cetuximab
hsa-mir-1273c,Methylmethcathinone
hsa-mir-379,Clopidogrel
hsa-mir-1972-1,Vinblastine
hsa-mir-6134,Epothilone B
hsa-mir-610,Oxaliplatin
hsa-mir-1293,Tanespimycin
hsa-mir-520c,Carboplatin
hsa-mir-204,Decitabine
hsa-mir-548a-2,Dexamethasone
hsa-mir-523,Mitomycin C
hsa-mir-337,Carfilzomib
hsa-mir-2355,Epirubicin HCl
hsa-mir-502,Prednisolone
hsa-mir-555,Docetaxel
hsa-mir-1321,Mitoxantrone
hsa-mir-597,Fulvestrant
hsa-mir-10a,Daunorubicin
hsa-mir-539,Dexamethasone
hsa-mir-1183,Anastrozole
hsa-mir-340,Capsaicin
hsa-mir-676,Vincristine
hsa-mir-487a,Ixazomib
hsa-mir-105-1,Erlotinib
hsa-mir-526b,Epothilone B
hsa-mir-3177,Sorafenib
hsa-mir-412,Prednisone (R-CHOP)
hsa-mir-939,PD-0325901
hsa-mir-542,Erlotinib
hsa-mir-28,AGRO100
hsa-mir-138-1,Tanespimycin
hsa-mir-29b-2,Cytarabine
hsa-mir-4521,Levetiracetam(LEV)
hsa-mir-519c,Prednisone (R-CHOP)
hsa-mir-33a,Exemestane
hsa-mir-4284,Temozolomide
hsa-mir-135a-1,Erlotinib
hsa-mir-885,Curcumin
hsa-mir-3178,10-Hydroxycamptothecin (HCPT)
hsa-mir-1236,Lapatinib
hsa-mir-361,Homoharringtonine
hsa-mir-24-1,Mitomycin C
hsa-mir-4285,PLX4720
hsa-mir-1200,Dasatinib
hsa-mir-3910-1,Betulinic Acid
hsa-mir-1261,ABT-737
hsa-mir-193a,Hydroxyurea
hsa-mir-1277,Tanespimycin
hsa-mir-885,10-Hydroxycamptothecin (HCPT)
hsa-mir-34a,Mafosfamide
hsa-mir-4685,Nilotinib
hsa-mir-182,Crizotinib
hsa-mir-378c,Epoxomicin
hsa-mir-9-1,Tetrahydropalmatine
hsa-mir-660,Carmustine
hsa-mir-492,PLX4720
hsa-mir-1470,PD-0325901
hsa-mir-4689,Nilotinib
hsa-mir-4311,Selumetinib
hsa-mir-218-1,Vinblastine
hsa-mir-216a,Imatinib
mmu-mir-20b,Carmustine
hsa-mir-609,Curcumin
hsa-mir-1271,Epoxomicin
hsa-mir-1288,Arsenic Trioxide
hsa-mir-517c,Sunitinib
hsa-mir-4646,Cyclophosphamide
hsa-mir-504,Tetrahydropalmatine
hsa-mir-4488,Sunitinib
hsa-mir-593,Hydrogen Peroxide (H2O2)
hsa-mir-4426,Temozolomide
hsa-mir-378c,Cetuximab
hsa-mir-1265,ABT-737
hsa-mir-585,Sunitinib
hsa-mir-203a,Carfilzomib
hsa-mir-4728,Teniposide
hsa-mir-4701,Oxaliplatin
hsa-mir-100,Cetuximab
hsa-mir-425,Paclitaxel
hsa-mir-301a,Exemestane
hsa-mir-624,DAPT (GSI-IX)
hsa-mir-1303,Trastuzumab
hsa-mir-98,Epoxomicin
hsa-mir-1911,Crizotinib
hsa-mir-4428,Staurosporine
hsa-mir-18a,Bleomicin
hsa-mir-19a,Methotrexate
hsa-mir-515-1,Mafosfamide
hsa-mir-122,DAPT (GSI-IX)
hsa-mir-3164,Dibenziodolium
hsa-mir-523,Olaparib
hsa-mir-450b,Fludarabine
hsa-mir-137,AG014699
hsa-mir-3163,Epoxomicin
hsa-mir-7-3,Crizotinib
hsa-mir-30c-2,Cetuximab
hsa-mir-1257,Crizotinib
hsa-mir-128-2,Decitabine
hsa-mir-198,Carmustine
hsa-mir-4653,PLX4720
hsa-mir-2861,Neratinib
hsa-mir-671,Methotrexate
hsa-mir-320e,Hydroxyurea
hsa-mir-3917,10-Hydroxycamptothecin (HCPT)
hsa-mir-1539,RAWQ01 (Ruthenium)
hsa-mir-640,Olaparib
hsa-mir-576,Homoharringtonine
hsa-mir-18b,ABT-263 (navitoclax)
hsa-mir-181a-2,Dihydrotestosterone
hsa-mir-4640,Ribavirin
hsa-mir-4485,Melphalan
hsa-mir-671,Prednisolone
hsa-mir-154,Trichostatin A
hsa-mir-1470,Genistein
hsa-mir-4492,Staurosporine
hsa-mir-218-1,Erlotinib
hsa-mir-136,Paroxetine
hsa-mir-1277,Sorafenib
hsa-mir-1976,Prednisone (R-CHOP)
hsa-mir-4707,Doxorubicin (Adriamycin)
hsa-mir-126,Methylmethcathinone
hsa-mir-762,PLX4720
hsa-mir-548d-1,Vemurafenib
hsa-mir-3180-1,Tamoxifen
hsa-mir-671,Doxorubicin (Adriamycin)
hsa-mir-651,Neratinib
hsa-mir-1200,Epothilone B
hsa-mir-19b-1,AG014699
hsa-mir-193a,Mitomycin C
hsa-mir-671,Bortezomib
hsa-mir-126,5-Fluorouracil
hsa-mir-519e,Staurosporine
hsa-mir-33a,PD-0325901
hsa-mir-557,Epirubicin HCl
hsa-mir-26b,Exemestane
hsa-mir-4675,Olaparib
hsa-mir-499a,Melphalan
hsa-mir-1288,Erlotinib
hsa-mir-342,Trichostatin A
hsa-mir-466,Celastrol
hsa-mir-326,Clopidogrel
hsa-mir-378b,Mitoxantrone
hsa-mir-448,Bortezomib
hsa-mir-375,Levetiracetam(LEV)
hsa-mir-3139,Pirarubicin
hsa-mir-329-1,Betulinic Acid
hsa-mir-4791,Sirolimus
hsa-mir-521-1,Capsaicin
hsa-mir-141,Levetiracetam(LEV)
hsa-mir-135a-1,Rituximab
hsa-mir-523,RAWQ01 (Ruthenium)
hsa-mir-372,Olaparib
hsa-mir-1914,Paclitaxel
hsa-mir-496,Dasatinib
hsa-mir-3195,Trichostatin A
hsa-mir-642a,Capecitabine
hsa-mir-324,Fulvestrant
hsa-mir-662,Tetrahydropalmatine
hsa-mir-4650-1,Epirubicin HCl
hsa-mir-362,Gefitinib
hsa-mir-320e,Exemestane
hsa-mir-4465,Carmustine
hsa-mir-4465,Nilotinib
hsa-mir-661,Epigallocatechin Gallate
hsa-mir-369,Imatinib
hsa-mir-3960,Sorafenib
hsa-mir-92a-2,Erlotinib
hsa-mir-147a,Epirubicin
hsa-mir-429,PU-H71
hsa-mir-301a,Ixazomib
hsa-mir-181a-1,Levetiracetam(LEV)
hsa-mir-548a-1,Betulinic Acid
hsa-mir-526b,Vinorelbine
hsa-mir-450a-1,Lapatinib
hsa-mir-578,Mitoxantrone
hsa-mir-605,Lapatinib
hsa-let-7b,Letrozole
hsa-mir-19a,Bleomicin
hsa-mir-891a,Vinorelbine
hsa-mir-619,U0126
hsa-mir-563,Decitabine
hsa-mir-627,Etoposide
mmu-mir-703,Paclitaxel
hsa-mir-569,Nilotinib
hsa-mir-374a,Epoxomicin
hsa-mir-181c,PLX4720
hsa-mir-2278,Daunorubicin
hsa-mir-1910,Capecitabine
hsa-mir-1277,Hydroxyurea
hsa-mir-4788,Paroxetine
hsa-mir-3074,PU-H71
hsa-mir-3194,Curcumin
hsa-mir-126,Homoharringtonine
hsa-mir-32,Mitoxantrone
hsa-mir-1248,PLX4720
hsa-mir-30e,Olaparib
hsa-mir-1539,Cyclophosphamide
hsa-mir-920,Carmustine
hsa-mir-324,ABT-737
hsa-mir-186,Crizotinib
hsa-mir-3139,Sirolimus
hsa-mir-4728,Sirolimus
hsa-mir-636,Methotrexate
hsa-mir-1277,Dexamethasone
hsa-mir-4455,Bortezomib
hsa-mir-4689,Anastrozole
hsa-mir-27a,Epirubicin
hsa-mir-1246,Exemestane
hsa-mir-526b,Methotrexate
hsa-mir-200a,Nilotinib
hsa-mir-16-2,Nutlin
hsa-mir-3173,ABT-263 (navitoclax)
hsa-mir-4650-1,AG014699
hsa-mir-4669,Tetrahydropalmatine
hsa-mir-3660,Bleomicin
hsa-mir-651,Vinorelbine
hsa-mir-488,Cyclopamine
hsa-mir-4448,Fludarabine
hsa-mir-93,Trichostatin A
hsa-mir-96,Hydroxyurea
hsa-mir-3194,Tanespimycin
hsa-mir-101-1,Anastrozole
hsa-mir-1261,Mitomycin C
hsa-mir-885,Dasatinib
hsa-mir-132,Vemurafenib
hsa-mir-3183,Carfilzomib
hsa-mir-216b,Mitomycin C
hsa-mir-3194,Mitoxantrone
hsa-mir-106a,Cyclopamine
hsa-mir-4706,Curcumin
hsa-mir-628,Levetiracetam(LEV)
hsa-mir-597,Cyclophosphamide
hsa-mir-591,ABT-263 (navitoclax)
hsa-mir-1236,RAWQ01 (Ruthenium)
hsa-mir-488,Selumetinib
hsa-mir-1268a,Tetrahydropalmatine
hsa-mir-1825,Fludarabine
hsa-mir-335,Crizotinib
hsa-mir-1304,Sorafenib
hsa-mir-24-1,Epoxomicin
hsa-mir-488,Fulvestrant
hsa-mir-934,Carboplatin
hsa-mir-378d-1,Melphalan
hsa-mir-662,Fulvestrant
hsa-mir-4763,Sorafenib
hsa-mir-643,Crizotinib
hsa-mir-611,Dexamethasone
hsa-mir-183,Olaparib
hsa-mir-1238,Exemestane
hsa-mir-4284,Melphalan
hsa-mir-1825,Vemurafenib
hsa-mir-486-1,Cetuximab
hsa-mir-208a,Temozolomide
hsa-mir-1291,Neratinib
hsa-mir-4448,Mafosfamide
hsa-mir-382,Verapamil
hsa-mir-3198-1,Carfilzomib
hsa-mir-3193,Vorinostat
hsa-mir-593,Paroxetine
hsa-mir-665,Mafosfamide
hsa-let-7a-1,AG014699
hsa-mir-493,Dibenziodolium
hsa-mir-3195,Vincristine
hsa-mir-296,Vorinostat
hsa-mir-4508,Temozolomide
hsa-mir-4454,Temozolomide
hsa-mir-1264,Docetaxel
hsa-mir-4297,Camptothecin
hsa-mir-487b,Cetuximab
hsa-mir-874,Carboplatin
hsa-mir-302c,Daunorubicin
hsa-mir-1307,Carboplatin
hsa-mir-1226,Cetuximab
hsa-mir-608,Dasatinib
hsa-mir-129-1,Sunitinib
hsa-mir-4448,Dexamethasone
hsa-mir-1290,RAWQ01 (Ruthenium)
hsa-mir-198,Epirubicin HCl
hsa-mir-4492,Genistein
hsa-mir-3621,Temozolomide
hsa-mir-3126,Selumetinib
hsa-mir-2861,Dihydrotestosterone
hsa-mir-486-1,Gefitinib
hsa-mir-133a-1,Tamoxifen
hsa-mir-369,Selumetinib
hsa-mir-582,Dasatinib
hsa-mir-92a-2,Hydroxyurea
hsa-mir-1306,Sorafenib
hsa-mir-378i,Cyclopamine
hsa-mir-330,Carmustine
hsa-mir-631,Cyclopamine
hsa-mir-451a,Camptothecin
hsa-mir-4710,Nilotinib
hsa-mir-3674,ABT-737
hsa-mir-489,5-Fluorouracil
hsa-mir-767,Oxaliplatin
hsa-mir-3141,Capsaicin
hsa-mir-1291,Tamoxifen
hsa-mir-718,Olaparib
hsa-mir-514a-1,Celastrol
hsa-mir-3146,Vinorelbine
hsa-mir-1910,Curcumin
hsa-mir-4723,Hydroxyurea
hsa-mir-4685,Cyclopamine
hsa-mir-1257,Homoharringtonine
hsa-mir-380,Docetaxel
hsa-mir-4492,Tanespimycin
hsa-mir-4535,Anastrozole
hsa-mir-1287,Arsenic Trioxide
hsa-mir-4284,Genistein
hsa-mir-3161,Curcumin
hsa-mir-501,Rituximab
hsa-mir-501,Staurosporine
hsa-mir-378g,Cetuximab
hsa-mir-802,AGRO100
hsa-mir-4664,Homoharringtonine
hsa-mir-200b,Cyclopamine
hsa-mir-621,Vinblastine
hsa-mir-193b,Daunorubicin
hsa-let-7g,Tetrahydropalmatine
hsa-mir-1910,Fludarabine
hsa-mir-3611,Teniposide
hsa-mir-1247,Decitabine
hsa-mir-1275,Melphalan
hsa-mir-21,Vorinostat
hsa-mir-4713,Dibenziodolium
hsa-mir-28,Prednisone (R-CHOP)
hsa-mir-147a,Betulinic Acid
hsa-mir-33a,Selumetinib
hsa-mir-330,Crizotinib
hsa-mir-211,Fludarabine
hsa-mir-3184,Tetrahydropalmatine
hsa-mir-429,AG014699
hsa-mir-502,Cetuximab
hsa-let-7e,Tamoxifen
hsa-mir-17,Retinoic Acid
hsa-mir-191,Nutlin
hsa-mir-323a,Fludarabine
hsa-mir-557,Gefitinib
hsa-mir-610,Ixazomib
hsa-mir-378i,Vinblastine
hsa-mir-411,Mafosfamide
hsa-mir-320e,Mitoxantrone
hsa-mir-328,U0126
hsa-mir-448,Anastrozole
hsa-mir-378i,Celastrol
hsa-mir-601,Anastrozole
hsa-mir-4261,Cytarabine
hsa-mir-624,Betulinic Acid
hsa-mir-614,Neratinib
hsa-mir-4463,Dihydrotestosterone
hsa-mir-4665,Hydroxyurea
hsa-mir-412,Lapatinib
hsa-mir-106a,Genistein
hsa-mir-450a-2,Hydrogen Peroxide (H2O2)
hsa-mir-487b,Levetiracetam(LEV)
hsa-mir-153-1,Capecitabine
hsa-mir-363,Arsenic Trioxide
hsa-mir-1270,Erlotinib
hsa-mir-21,Pirarubicin
hsa-mir-382,Gemcitabine
hsa-mir-339,Bleomicin
hsa-mir-4428,Rituximab
hsa-mir-1271,Sirolimus
hsa-mir-1539,Anastrozole
hsa-mir-20a,ABT-263 (navitoclax)
hsa-mir-10b,Methotrexate
hsa-mir-513a-1,Rituximab
hsa-mir-488,Cisplatin
hsa-mir-570,Prednisone (R-CHOP)
hsa-mir-4487,Epirubicin HCl
hsa-mir-150,Fludarabine
hsa-mir-572,Doxorubicin (Adriamycin)
hsa-mir-18a,Capecitabine
hsa-mir-339,Sorafenib
hsa-mir-564,Rituximab
hsa-mir-199a-1,Cytarabine
hsa-mir-4485,Methotrexate
hsa-mir-376c,Staurosporine
hsa-let-7e,Letrozole
hsa-mir-218-1,Vinorelbine
hsa-mir-489,AGRO100
hsa-mir-1269a,Paclitaxel
hsa-mir-185,AGRO100
hsa-mir-4501,Vemurafenib
hsa-mir-585,Neratinib
hsa-mir-296,Fludarabine
hsa-mir-199b,Cyclophosphamide
hsa-mir-183,Trastuzumab
hsa-mir-765,Clopidogrel
hsa-mir-3183,Prednisolone
hsa-mir-4685,Melphalan
hsa-mir-1260a,Staurosporine
hsa-mir-432,Cyclophosphamide
hsa-mir-581,Betulinic Acid
hsa-mir-518d,Carfilzomib
hsa-mir-4508,Vemurafenib
hsa-mir-320e,Bleomicin
hsa-mir-4713,Fludarabine
hsa-mir-4476,Tanespimycin
hsa-mir-4723,Retinoic Acid
hsa-mir-500b,PLX4720
hsa-mir-4488,Cytarabine
hsa-mir-338,Dihydrotestosterone
hsa-let-7b,Tanespimycin
hsa-mir-3154,PD-0325901
hsa-mir-148a,Tetrahydropalmatine
hsa-mir-4485,ABT-737
hsa-mir-1297,Carfilzomib
hsa-mir-663b,Ixazomib
hsa-mir-4650-1,Retinoic Acid
hsa-let-7a-1,Levetiracetam(LEV)
hsa-mir-521-1,Ribavirin
hsa-mir-328,Mitomycin C
hsa-mir-513a-1,Hydrogen Peroxide (H2O2)
hsa-mir-522,Levetiracetam(LEV)
hsa-mir-466,Bleomicin
hsa-mir-1285-1,Carfilzomib
hsa-mir-124-1,Methotrexate
hsa-mir-3187,ABT-263 (navitoclax)
hsa-mir-196b,Arsenic Trioxide
hsa-mir-29b-2,Cisplatin
hsa-mir-4430,Nilotinib
hsa-mir-195,Capecitabine
hsa-mir-378b,Cyclopamine
hsa-mir-4467,Tanespimycin
hsa-mir-4728,Staurosporine
hsa-mir-23a,Selumetinib
hsa-mir-940,Mafosfamide
hsa-mir-4665,Cetuximab
hsa-mir-1910,Paroxetine
hsa-mir-3940,Cisplatin
hsa-mir-301b,Topotecan
hsa-mir-592,Fludarabine
hsa-mir-889,Epirubicin
hsa-mir-411,Fulvestrant
hsa-mir-3141,Lapatinib
hsa-mir-504,Sorafenib
hsa-mir-31,Teniposide
hsa-mir-4484,Oxaliplatin
hsa-mir-125a,Clopidogrel
hsa-mir-320c-1,Verapamil
hsa-mir-492,Erlotinib
hsa-mir-152,Sorafenib
hsa-mir-490,Dasatinib
hsa-mir-3185,Sirolimus
hsa-mir-635,Dibenziodolium
hsa-mir-1269b,Bleomicin
hsa-mir-4701,Retinoic Acid
hsa-mir-2355,Vinorelbine
hsa-mir-622,Rituximab
hsa-mir-718,Verapamil
hsa-mir-197,Daunorubicin
hsa-mir-329-1,Curcumin
hsa-mir-1972-1,ABT-737
hsa-mir-4508,Cytarabine
hsa-mir-4467,Dexamethasone
hsa-mir-802,Pirarubicin
hsa-mir-23a,Levetiracetam(LEV)
hsa-mir-148a,10-Hydroxycamptothecin (HCPT)
hsa-mir-4324,Dibenziodolium
hsa-mir-100,Cyclopamine
hsa-mir-379,Crizotinib
hsa-mir-1469,Selumetinib
hsa-mir-23c,Pemetrexed
hsa-mir-4653,Oxaliplatin
hsa-mir-182,Teniposide
hsa-mir-376b,Lapatinib
hsa-mir-1255b-1,Imatinib
hsa-mir-651,Genistein
hsa-mir-631,Nilotinib
hsa-mir-30a,Bortezomib
hsa-mir-450a-2,PD-0325901
hsa-mir-2116,Cyclopamine
hsa-mir-551b,Dasatinib
hsa-mir-466,Gemcitabine
hsa-mir-2278,Paroxetine
hsa-mir-1293,Trastuzumab
hsa-mir-377,PD-0325901
hsa-mir-524,Clopidogrel
hsa-mir-1908,Vemurafenib
hsa-mir-432,Sirolimus
hsa-mir-561,Sirolimus
hsa-mir-1915,Decitabine
hsa-mir-376a-1,Erlotinib
hsa-mir-381,Daunorubicin
hsa-mir-521-1,Cyclopamine
hsa-mir-10a,Pemetrexed
hsa-mir-921,Prednisolone
hsa-mir-3187,Arsenic Trioxide
hsa-mir-4454,Mitomycin C
hsa-mir-148a,Dasatinib
hsa-mir-4722,Paclitaxel
hsa-mir-23b,Exemestane
hsa-mir-521-1,Staurosporine
hsa-mir-200a,Fludarabine
hsa-mir-378b,PLX4720
hsa-mir-4516,Doxycycline
hsa-mir-584,Topotecan
hsa-mir-612,Sunitinib
hsa-mir-99a,Ribavirin
hsa-mir-4653,Cyclophosphamide
hsa-mir-299,Paroxetine
hsa-mir-1267,Neratinib
hsa-mir-4497,Levetiracetam(LEV)
hsa-mir-1250,Cyclophosphamide
hsa-mir-3681,Curcumin
hsa-mir-512-1,Dasatinib
hsa-mir-96,Levetiracetam(LEV)
hsa-mir-188,Exemestane
hsa-mir-1268a,Epirubicin
hsa-mir-363,Prednisolone
hsa-let-7f-2,PD-0325901
hsa-mir-1301,Carmustine
hsa-mir-924,Neratinib
hsa-mir-4750,Dexamethasone
hsa-mir-512-1,Selumetinib
hsa-mir-625,Methylmethcathinone
hsa-mir-940,Ribavirin
hsa-mir-3622a,Carmustine
hsa-mir-939,RAWQ01 (Ruthenium)
hsa-mir-1470,Homoharringtonine
hsa-mir-609,Gemcitabine
hsa-mir-22,Cetuximab
hsa-mir-361,Capsaicin
hsa-mir-1237,Levetiracetam(LEV)
hsa-mir-589,Paroxetine
hsa-mir-3185,Homoharringtonine
hsa-mir-758,Fludarabine
hsa-mir-655,PU-H71
hsa-mir-593,Selumetinib
hsa-mir-663a,Erlotinib
hsa-mir-19a,Prednisone (R-CHOP)
hsa-mir-152,Melphalan
hsa-mir-3126,U0126
hsa-mir-654,Trichostatin A
hsa-mir-564,Capsaicin
hsa-mir-1293,RAWQ01 (Ruthenium)
hsa-mir-634,Vemurafenib
hsa-mir-335,Doxycycline
hsa-mir-3621,Exemestane
hsa-mir-487b,Melphalan
hsa-mir-1913,Fludarabine
hsa-mir-4732,10-Hydroxycamptothecin (HCPT)
hsa-mir-450a-1,Trastuzumab
hsa-mir-26a-1,Cytarabine
hsa-mir-1301,Paclitaxel
hsa-mir-1307,Pemetrexed
hsa-mir-1307,PU-H71
hsa-mir-203a,Epirubicin HCl
hsa-mir-4664,Dasatinib
hsa-mir-551b,Pirarubicin
hsa-mir-2682,Carboplatin
hsa-mir-659,Trastuzumab
hsa-mir-196b,ABT-263 (navitoclax)
hsa-mir-151a,Paclitaxel
hsa-mir-633,Bleomicin
hsa-mir-589,Prednisolone
hsa-mir-3144,Epirubicin HCl
hsa-mir-3937,AGRO100
hsa-let-7a-2,PU-H71
hsa-mir-1297,Betulinic Acid
hsa-mir-524,Etoposide
hsa-mir-3184,Trastuzumab
hsa-mir-1260b,Carfilzomib
hsa-mir-2278,Ixazomib
hsa-mir-486-1,Dihydrotestosterone
hsa-mir-940,Carmustine
hsa-mir-92b,Crizotinib
hsa-mir-221,Clopidogrel
hsa-mir-518a-1,Vorinostat
hsa-mir-323a,Dexamethasone
hsa-mir-1277,Doxycycline
hsa-mir-98,Oxaliplatin
hsa-mir-4739,Trastuzumab
hsa-mir-4492,Fulvestrant
hsa-mir-523,Cytarabine
hsa-mir-4646,Rituximab
hsa-mir-20b,Hydrogen Peroxide (H2O2)
hsa-mir-17,Fludarabine
hsa-mir-675,Topotecan
hsa-mir-4487,AGRO100
hsa-mir-23b,Dibenziodolium
hsa-mir-638,Carboplatin
hsa-mir-485,Prednisolone
hsa-mir-490,ABT-737
hsa-mir-137,Betulinic Acid
hsa-mir-1181,Topotecan
hsa-mir-429,Carfilzomib
hsa-mir-1287,Melphalan
hsa-mir-21,Prednisolone
hsa-mir-4284,10-Hydroxycamptothecin (HCPT)
hsa-mir-1271,Etoposide
hsa-mir-191,Carboplatin
hsa-mir-186,Nilotinib
hsa-mir-3620,Arsenic Trioxide
hsa-mir-99a,Dibenziodolium
hsa-mir-181b-1,Verapamil
hsa-mir-802,Imatinib
hsa-mir-670,Cisplatin
hsa-mir-876,Dexamethasone
hsa-mir-4707,AG014699
hsa-mir-3200,PU-H71
hsa-mir-514a-1,Fludarabine
hsa-mir-3194,Anastrozole
hsa-mir-3937,Neratinib
hsa-mir-449b,PLX4720
hsa-mir-665,Cyclopamine
hsa-mir-4463,Mitomycin C
hsa-mir-643,Letrozole
hsa-mir-602,Prednisolone
hsa-mir-4713,Daunorubicin
hsa-mir-645,Dexamethasone
hsa-mir-148b,Anastrozole
hsa-mir-487b,Teniposide
hsa-mir-520e,Sorafenib
hsa-mir-4315-1,Ixazomib
hsa-mir-320a,ABT-263 (navitoclax)
hsa-mir-3910-1,Capecitabine
hsa-mir-320a,Staurosporine
hsa-mir-330,Decitabine
hsa-mir-1257,Bleomicin
hsa-mir-30b,Dexamethasone
hsa-mir-582,Methotrexate
hsa-mir-1248,Vorinostat
hsa-mir-212,Pirarubicin
hsa-mir-520d,Ixazomib
hsa-mir-199a-1,Betulinic Acid
hsa-mir-9-1,Rituximab
hsa-mir-132,PU-H71
hsa-mir-30a,Exemestane
hsa-mir-651,Curcumin
hsa-mir-148a,Nutlin
hsa-mir-31,Vorinostat
hsa-mir-1204,Doxycycline
hsa-mir-3186,Carmustine
hsa-mir-1255b-1,Pirarubicin
hsa-mir-411,Capecitabine
hsa-mir-2355,Bleomicin
hsa-mir-383,DAPT (GSI-IX)
hsa-mir-298,Doxycycline
hsa-mir-1277,Ixazomib
hsa-mir-2467,Epirubicin HCl
hsa-mir-758,Fulvestrant
hsa-mir-938,Prednisone (R-CHOP)
hsa-mir-1973,Dasatinib
hsa-mir-1225,Gemcitabine
hsa-mir-3127,Trastuzumab
hsa-mir-653,Erlotinib
hsa-mir-1224,Cytarabine
hsa-mir-655,AGRO100
hsa-mir-3660,Etoposide
hsa-mir-378f,Cyclopamine
hsa-mir-210,Dihydrotestosterone
hsa-mir-1247,Nilotinib
hsa-mir-602,Etoposide
rno-mir-93,Carmustine
hsa-mir-3141,Docetaxel
hsa-mir-658,DAPT (GSI-IX)
hsa-mir-490,Levetiracetam(LEV)
hsa-mir-30a,Erlotinib
hsa-mir-203a,Cyclophosphamide
hsa-mir-1292,Selumetinib
hsa-mir-3196,PD-0325901
hsa-mir-450b,Rituximab
hsa-mir-518e,Sunitinib
hsa-mir-466,PU-H71
hsa-mir-3194,Mafosfamide
hsa-mir-10a,Retinoic Acid
hsa-mir-516a-1,Nilotinib
hsa-mir-185,Celastrol
hsa-mir-588,Fludarabine
hsa-mir-25,Arsenic Trioxide
hsa-mir-149,Nilotinib
hsa-mir-1255b-1,Sirolimus
hsa-mir-302c,Docetaxel
hsa-mir-4257,Crizotinib
hsa-mir-423,Tetrahydropalmatine
hsa-mir-4750,Daunorubicin
hsa-mir-139,Sorafenib
hsa-mir-185,Retinoic Acid
hsa-mir-1268a,Docetaxel
hsa-mir-569,Cyclopamine
hsa-mir-2116,Neratinib
hsa-mir-1267,Nilotinib
hsa-mir-378d-1,Epirubicin
hsa-mir-3064,Cetuximab
hsa-mir-194-1,Betulinic Acid
hsa-mir-4521,Carfilzomib
hsa-mir-515-1,Vincristine
hsa-mir-3064,Sunitinib
hsa-mir-939,Dexamethasone
hsa-mir-639,Sirolimus
hsa-mir-490,Erlotinib
hsa-mir-510,Cetuximab
hsa-mir-588,Pemetrexed
hsa-mir-6134,Neratinib
hsa-mir-379,Ixazomib
hsa-mir-30c-2,Genistein
hsa-mir-448,Gemcitabine
hsa-mir-2682,Paclitaxel
hsa-mir-494,Celastrol
hsa-mir-4739,Clopidogrel
hsa-mir-150,Exemestane
hsa-mir-502,Epothilone B
hsa-mir-106b,PU-H71
hsa-mir-1233-1,Methylmethcathinone
hsa-mir-4447,Carmustine
hsa-mir-671,Mitoxantrone
hsa-mir-320c-1,Vemurafenib
hsa-mir-1234,Bleomicin
hsa-mir-139,Trastuzumab
hsa-mir-429,Gefitinib
hsa-mir-3150b,Cisplatin
hsa-mir-424,Staurosporine
hsa-mir-425,Carboplatin
hsa-mir-1182,Genistein
hsa-mir-4288,Tanespimycin
hsa-mir-3654,Mitomycin C
hsa-mir-92a-2,Betulinic Acid
hsa-mir-548h-2,Dexamethasone
hsa-mir-520a,Hydrogen Peroxide (H2O2)
hsa-mir-1178,Bleomicin
hsa-mir-513c,Ixazomib
hsa-mir-4745,Curcumin
hsa-mir-671,Dasatinib
hsa-mir-589,Temozolomide
hsa-mir-4311,Prednisolone
hsa-mir-550a-1,Paroxetine
hsa-mir-660,Letrozole
hsa-mir-19a,Epoxomicin
hsa-mir-181a-1,Cyclopamine
hsa-mir-4787,Clopidogrel
hsa-mir-133a-1,Exemestane
hsa-mir-409,Gemcitabine
hsa-mir-153-2,Epothilone B
hsa-mir-506,PD-0325901
hsa-mir-4285,Lapatinib
hsa-mir-1206,Vinblastine
hsa-mir-128-1,Olaparib
hsa-mir-30c-1,Carfilzomib
hsa-mir-942,Gemcitabine
hsa-mir-655,Vemurafenib
hsa-mir-4483,Dexamethasone
hsa-mir-877,Decitabine
hsa-mir-508,RAWQ01 (Ruthenium)
hsa-mir-98,Cytarabine
hsa-mir-27a,Teniposide
hsa-mir-615,Olaparib
hsa-mir-616,Exemestane
hsa-mir-513a-1,Crizotinib
hsa-mir-3619,Trastuzumab
hsa-mir-433,Carmustine
hsa-mir-375,Teniposide
hsa-mir-29b-2,Epothilone B
hsa-mir-503,Carfilzomib
hsa-mir-22,Anastrozole
hsa-mir-3173,Doxycycline
hsa-mir-378g,DAPT (GSI-IX)
hsa-mir-16-2,PU-H71
hsa-mir-549a,Mitoxantrone
hsa-mir-381,Selumetinib
hsa-mir-4707,Betulinic Acid
hsa-mir-374a,ABT-737
hsa-mir-486-1,Prednisolone
hsa-mir-802,Lapatinib
hsa-mir-649,Retinoic Acid
hsa-mir-676,Camptothecin
hsa-mir-181b-1,10-Hydroxycamptothecin (HCPT)
hsa-mir-100,Sunitinib
hsa-mir-588,Methylmethcathinone
hsa-mir-654,Sirolimus
hsa-mir-16-1,Cytarabine
hsa-mir-23c,Daunorubicin
hsa-mir-122,Vemurafenib
hsa-mir-512-1,Ribavirin
hsa-mir-4669,Hydrogen Peroxide (H2O2)
hsa-mir-93,Carmustine
hsa-mir-4675,Sunitinib
hsa-mir-450a-1,Topotecan
hsa-mir-106a,Epirubicin HCl
hsa-mir-1255a,Carboplatin
hsa-mir-4638,Hydrogen Peroxide (H2O2)
hsa-mir-143,Daunorubicin
hsa-mir-4653,Carfilzomib
hsa-mir-3679,Hydrogen Peroxide (H2O2)
hsa-mir-125b-1,Exemestane
hsa-mir-324,Epigallocatechin Gallate
hsa-mir-518c,Cyclopamine
hsa-mir-513b,Pirarubicin
hsa-mir-151a,Bortezomib
hsa-mir-555,Epigallocatechin Gallate
hsa-mir-1911,ABT-737
hsa-mir-338,Epirubicin HCl
hsa-mir-3195,Paroxetine
hsa-mir-345,Selumetinib
hsa-mir-185,Nilotinib
hsa-mir-4286,Decitabine
hsa-mir-1287,Homoharringtonine
hsa-mir-933,Fulvestrant
hsa-mir-203a,Dihydrotestosterone
hsa-mir-4749,Dexamethasone
hsa-mir-4711,Bleomicin
hsa-mir-378a,Cytarabine
hsa-mir-455,Cetuximab
hsa-mir-1253,Vincristine
hsa-mir-3074,Anastrozole
hsa-mir-320b-1,Mitoxantrone
hsa-mir-29c,Nutlin
hsa-mir-92b,Decitabine
hsa-mir-18b,Cyclopamine
hsa-mir-337,Tetrahydropalmatine
hsa-mir-1277,DAPT (GSI-IX)
hsa-mir-4487,Temozolomide
hsa-mir-671,RAWQ01 (Ruthenium)
hsa-mir-133b,Methotrexate
hsa-mir-606,Curcumin
hsa-mir-3193,AGRO100
hsa-mir-203a,Bortezomib
hsa-mir-28,Letrozole
hsa-mir-4723,Vemurafenib
hsa-mir-365a,Nilotinib
hsa-mir-181a-2,Carfilzomib
hsa-mir-1225,Nutlin
hsa-mir-216b,Methylmethcathinone
hsa-let-7a-2,ABT-737
hsa-mir-1181,Crizotinib
hsa-mir-744,Staurosporine
hsa-mir-3185,Verapamil
hsa-mir-2114,Bleomicin
hsa-mir-208a,Neratinib
hsa-mir-942,Hydrogen Peroxide (H2O2)
hsa-mir-195,Pemetrexed
hsa-mir-1204,Anastrozole
hsa-mir-4319,Cytarabine
hsa-mir-569,Capsaicin
hsa-mir-601,Bleomicin
hsa-mir-99a,Genistein
hsa-mir-892b,Epigallocatechin Gallate
hsa-mir-517c,Levetiracetam(LEV)
hsa-mir-147b,Vinorelbine
hsa-mir-610,Sorafenib
hsa-mir-3162,Temozolomide
hsa-mir-4447,Prednisolone
hsa-mir-125b-1,PU-H71
hsa-mir-548a-1,Clopidogrel
hsa-mir-30e,Vinorelbine
hsa-mir-1248,Teniposide
hsa-mir-765,Fulvestrant
hsa-mir-139,Trichostatin A
hsa-mir-1973,Anastrozole
hsa-mir-449b,Letrozole
hsa-mir-508,Staurosporine
hsa-mir-595,Paclitaxel
hsa-mir-1297,PD-0325901
hsa-mir-95,Capecitabine
hsa-mir-637,Retinoic Acid
hsa-mir-939,Epoxomicin
hsa-mir-181a-2,Trastuzumab
hsa-mir-215,Dexamethasone
hsa-mir-342,U0126
hsa-mir-4324,Gefitinib
hsa-mir-140,Nilotinib
hsa-mir-485,Homoharringtonine
hsa-mir-2113,ABT-263 (navitoclax)
hsa-mir-4644,Selumetinib
hsa-mir-320c-1,Sunitinib
hsa-mir-4739,AGRO100
hsa-mir-490,U0126
hsa-mir-518f,Sorafenib
hsa-mir-924,Docetaxel
hsa-mir-548h-2,Docetaxel
hsa-mir-1267,Bleomicin
hsa-mir-4750,Crizotinib
hsa-mir-501,Tanespimycin
hsa-mir-370,Levetiracetam(LEV)
hsa-mir-4465,Epoxomicin
hsa-mir-361,Erlotinib
hsa-mir-519b,Hydrogen Peroxide (H2O2)
hsa-mir-3127,Paroxetine
hsa-mir-4430,Topotecan
hsa-mir-181c,Teniposide
hsa-mir-371a,Selumetinib
hsa-mir-2116,Tamoxifen
hsa-mir-1290,Dibenziodolium
hsa-mir-3126,Epothilone B
hsa-mir-365b,Cyclophosphamide
hsa-mir-944,Sunitinib
hsa-mir-429,Methylmethcathinone
hsa-mir-154,Ixazomib
hsa-mir-1915,10-Hydroxycamptothecin (HCPT)
hsa-mir-1249,Capsaicin
hsa-let-7e,Carboplatin
hsa-mir-3127,ABT-737
hsa-mir-450a-2,Retinoic Acid
hsa-mir-376b,Carmustine
hsa-mir-24-1,Fludarabine
hsa-mir-1468,Ixazomib
hsa-mir-450b,Nilotinib
hsa-mir-216b,Fludarabine
hsa-mir-181a-1,Topotecan
hsa-mir-1343,Dihydrotestosterone
hsa-mir-551b,Temozolomide
hsa-mir-891a,Selumetinib
hsa-mir-520f,Vinorelbine
hsa-mir-3611,Carmustine
hsa-mir-3175,Etoposide
hsa-mir-873,ABT-737
hsa-mir-3144,Epothilone B
hsa-mir-187,Ribavirin
hsa-mir-4427,Genistein
hsa-mir-595,Epirubicin
hsa-mir-522,Gemcitabine
hsa-mir-1269a,Pemetrexed
hsa-mir-2682,Epigallocatechin Gallate
hsa-mir-1233-1,Levetiracetam(LEV)
hsa-mir-374a,Dexamethasone
hsa-mir-578,Tanespimycin
hsa-mir-320e,Teniposide
hsa-mir-650,U0126
hsa-mir-452,Hydroxyurea
hsa-mir-18a,Levetiracetam(LEV)
hsa-mir-1236,Capecitabine
hsa-mir-487a,Erlotinib
hsa-mir-375,Methotrexate
hsa-mir-4443,ABT-737
hsa-mir-105-1,Nutlin
hsa-mir-103a-2,PLX4720
hsa-mir-4725,Erlotinib
hsa-mir-638,Arsenic Trioxide
hsa-mir-4722,Exemestane
hsa-mir-151a,Letrozole
hsa-mir-142,Decitabine
hsa-mir-4473,Letrozole
hsa-mir-412,Vinorelbine
hsa-mir-519e,Ribavirin
hsa-mir-1291,Gemcitabine
hsa-mir-662,Crizotinib
hsa-mir-875,Cyclophosphamide
hsa-mir-494,Imatinib
hsa-mir-323a,Epothilone B
hsa-mir-449c,Gefitinib
hsa-mir-1182,Clopidogrel
hsa-mir-128-2,Pemetrexed
hsa-mir-1261,Melphalan
hsa-mir-503,Paclitaxel
hsa-mir-4788,Anastrozole
hsa-mir-887,Bortezomib
hsa-mir-873,Melphalan
hsa-mir-19b-1,Capsaicin
hsa-mir-887,10-Hydroxycamptothecin (HCPT)
hsa-mir-2114,Levetiracetam(LEV)
hsa-mir-132,Curcumin
hsa-mir-4535,Vinorelbine
hsa-mir-548a-1,Pemetrexed
hsa-mir-626,10-Hydroxycamptothecin (HCPT)
hsa-mir-4644,Cytarabine
hsa-mir-93,Trastuzumab
hsa-mir-548a-1,Crizotinib
hsa-mir-1301,Carfilzomib
hsa-mir-509-1,Ribavirin
hsa-mir-146a,Clopidogrel
hsa-mir-2114,Exemestane
hsa-mir-1914,Anastrozole
hsa-mir-504,Paclitaxel
hsa-mir-485,5-Fluorouracil
hsa-mir-887,Dibenziodolium
hsa-mir-657,Lapatinib
hsa-mir-218-1,Trichostatin A
hsa-mir-363,Dasatinib
hsa-mir-491,Gefitinib
hsa-mir-205,Cyclopamine
hsa-mir-487a,Retinoic Acid
hsa-mir-432,Vemurafenib
hsa-mir-345,Epirubicin HCl
hsa-mir-3163,Fludarabine
hsa-mir-18b,Cytarabine
hsa-mir-4284,Tetrahydropalmatine
hsa-mir-3960,Epigallocatechin Gallate
hsa-mir-4722,Carfilzomib
hsa-mir-581,Doxycycline
hsa-mir-200a,Cetuximab
hsa-mir-616,Olaparib
hsa-mir-718,Crizotinib
hsa-mir-3619,Tetrahydropalmatine
hsa-mir-493,Sirolimus
hsa-mir-1273c,Fulvestrant
hsa-mir-504,5-Fluorouracil
hsa-mir-129-1,Methotrexate
hsa-mir-889,Vincristine
hsa-mir-145,Capsaicin
hsa-mir-524,Gemcitabine
hsa-mir-153-2,Mitoxantrone
hsa-mir-1256,Ixazomib
hsa-mir-569,Imatinib
hsa-mir-4473,Hydroxyurea
hsa-mir-378g,10-Hydroxycamptothecin (HCPT)
hsa-mir-4448,Pirarubicin
hsa-mir-4315-1,Cytarabine
hsa-mir-30b,Trastuzumab
hsa-mir-1270,U0126
hsa-mir-4487,Dibenziodolium
ebv-mir-BART16,5-Fluorouracil
hsa-mir-383,Methotrexate
hsa-mir-1206,Trichostatin A
hsa-mir-3178,Vinorelbine
hsa-mir-122,Homoharringtonine
hsa-mir-1287,Capecitabine
hsa-mir-504,Doxycycline
hsa-mir-520a,PLX4720
hsa-mir-1285-1,Etoposide
hsa-mir-876,Fulvestrant
hsa-mir-662,Methotrexate
hsa-mir-1258,Rituximab
hsa-mir-647,Tetrahydropalmatine
hsa-mir-4750,Epoxomicin
hsa-mir-590,Nilotinib
hsa-mir-298,Ribavirin
hsa-mir-127,Retinoic Acid
hsa-mir-1260b,Cyclophosphamide
hsa-mir-525,U0126
hsa-mir-374a,Decitabine
hsa-mir-320c-1,Doxycycline
hsa-mir-636,Cyclopamine
hsa-mir-18a,Dasatinib
hsa-mir-892b,Docetaxel
hsa-mir-570,Teniposide
hsa-mir-489,Camptothecin
hsa-mir-324,Carmustine
hsa-mir-1255b-1,Cytarabine
hsa-mir-4674,Temozolomide
hsa-mir-452,Paroxetine
hsa-mir-513b,Staurosporine
mmu-mir-703,Fulvestrant
hsa-mir-1206,Mafosfamide
hsa-mir-378d-1,U0126
hsa-mir-521-1,Methotrexate
hsa-mir-3910-1,Docetaxel
hsa-mir-134,Decitabine
hsa-mir-30c-1,Dasatinib
hsa-mir-521-1,Temozolomide
hsa-mir-3117,Fludarabine
hsa-mir-326,Epoxomicin
hsa-mir-377,ABT-263 (navitoclax)
hsa-mir-320e,Dihydrotestosterone
hsa-mir-1976,U0126
hsa-mir-4289,Dasatinib
hsa-mir-190b,Pemetrexed
hsa-mir-570,Imatinib
hsa-mir-4516,Capecitabine
hsa-mir-548c,RAWQ01 (Ruthenium)
hsa-mir-942,5-Fluorouracil
hsa-mir-1288,PU-H71
hsa-mir-541,Hydroxyurea
hsa-mir-4763,Levetiracetam(LEV)
hsa-mir-875,Prednisolone
hsa-mir-518c,Dibenziodolium
hsa-mir-509-1,Gefitinib
hsa-mir-522,Cyclopamine
hsa-mir-188,Ribavirin
hsa-mir-3185,Paroxetine
hsa-mir-4758,Capsaicin
hsa-mir-219a-1,Pirarubicin
hsa-mir-301b,Olaparib
hsa-mir-637,Ribavirin
hsa-mir-193a,Crizotinib
hsa-mir-22,Imatinib
hsa-mir-4707,Methylmethcathinone
hsa-mir-563,Sirolimus
hsa-mir-920,Sorafenib
hsa-mir-3173,AGRO100
hsa-mir-1915,Doxycycline
hsa-mir-1237,Pirarubicin
hsa-mir-4285,Neratinib
hsa-mir-921,Doxycycline
hsa-mir-1261,Epigallocatechin Gallate
hsa-mir-603,Tanespimycin
hsa-mir-330,Hydrogen Peroxide (H2O2)
hsa-mir-1265,PLX4720
hsa-mir-326,Capecitabine
hsa-mir-125b-1,Topotecan
hsa-mir-140,Daunorubicin
hsa-mir-190b,Paroxetine
hsa-mir-625,Neratinib
hsa-mir-363,Exemestane
hsa-mir-649,Vincristine
hsa-mir-3168,Celastrol
hsa-mir-16-2,Crizotinib
hsa-mir-597,Capsaicin
hsa-mir-4319,Imatinib
hsa-mir-192,Capecitabine
hsa-mir-3175,ABT-737
hsa-let-7c,Selumetinib
hsa-mir-1206,Temozolomide
hsa-mir-3917,Epirubicin
hsa-mir-1260a,Bortezomib
hsa-mir-650,Camptothecin
hsa-mir-155,Mitoxantrone
hsa-mir-520e,Genistein
hsa-mir-371b,Bortezomib
hsa-mir-922,Dexamethasone
hsa-mir-3187,Vorinostat
hsa-mir-484,Bleomicin
hsa-mir-635,Etoposide
hsa-mir-34b,Mitoxantrone
hsa-mir-17,Epigallocatechin Gallate
hsa-mir-144,Crizotinib
hsa-mir-326,Vinblastine
hsa-let-7g,Imatinib
hsa-mir-3198-1,Decitabine
hsa-mir-523,Mitoxantrone
hsa-mir-320a,Cetuximab
hsa-mir-561,Epoxomicin
hsa-mir-518b,Trichostatin A
hsa-mir-1296,Celastrol
hsa-mir-3144,Tamoxifen
hsa-mir-129-1,Pirarubicin
hsa-mir-1293,Paclitaxel
hsa-mir-648,Genistein
hsa-mir-638,Paroxetine
hsa-mir-95,Letrozole
hsa-mir-1304,Pemetrexed
hsa-mir-29b-1,Erlotinib
hsa-mir-450b,Docetaxel
hsa-mir-186,Betulinic Acid
hsa-mir-513c,Vorinostat
hsa-mir-4455,Epoxomicin
hsa-mir-338,Melphalan
hsa-mir-190b,ABT-263 (navitoclax)
hsa-mir-3164,Carfilzomib
hsa-mir-622,Cytarabine
hsa-mir-578,5-Fluorouracil
hsa-mir-324,Decitabine
hsa-mir-2355,Imatinib
hsa-mir-30c-1,Paroxetine
hsa-mir-429,Pirarubicin
hsa-mir-939,U0126
hsa-mir-4644,Epirubicin
hsa-mir-107,Exemestane
hsa-mir-378f,Doxycycline
hsa-mir-488,Ribavirin
hsa-mir-1825,Topotecan
hsa-mir-3173,PLX4720
hsa-mir-4497,Sorafenib
hsa-mir-628,Staurosporine
hsa-mir-365b,Homoharringtonine
hsa-mir-217,Imatinib
hsa-mir-221,Docetaxel
hsa-mir-299,PU-H71
hsa-mir-382,Capsaicin
hsa-mir-516a-1,Hydroxyurea
hsa-mir-1973,Cytarabine
hsa-mir-2278,Hydrogen Peroxide (H2O2)
hsa-mir-133b,Betulinic Acid
hsa-mir-601,Celastrol
hsa-mir-4800,Mafosfamide
hsa-mir-331,Rituximab
hsa-mir-223,Epothilone B
hsa-mir-1269b,Nilotinib
hsa-mir-539,Cetuximab
hsa-mir-4492,Dibenziodolium
hsa-mir-500a,Dihydrotestosterone
hsa-mir-4497,Paclitaxel
hsa-mir-561,Melphalan
hsa-mir-1237,Oxaliplatin
hsa-mir-150,Pemetrexed
hsa-mir-3144,Exemestane
hsa-mir-513a-1,Vincristine
hsa-mir-365b,ABT-737
hsa-mir-520a,Rituximab
hsa-mir-1277,AGRO100
hsa-mir-335,PD-0325901
hsa-mir-651,Levetiracetam(LEV)
hsa-mir-586,Capsaicin
hsa-mir-2116,Mitomycin C
hsa-mir-448,DAPT (GSI-IX)
hsa-mir-2861,Capecitabine
hsa-mir-204,Tanespimycin
hsa-mir-4739,Paroxetine
hsa-mir-4653,Methylmethcathinone
hsa-mir-505,Prednisolone
hsa-mir-1271,Docetaxel
hsa-mir-936,Dibenziodolium
hsa-mir-940,Dexamethasone
hsa-let-7f-1,Tanespimycin
hsa-mir-503,Fulvestrant
hsa-mir-191,Staurosporine
hsa-mir-326,Prednisolone
hsa-mir-635,Dasatinib
hsa-mir-892b,Anastrozole
hsa-mir-601,Pirarubicin
hsa-mir-670,Doxorubicin (Adriamycin)
hsa-mir-335,Tanespimycin
hsa-mir-301a,Dibenziodolium
hsa-mir-1285-1,Exemestane
hsa-mir-614,Homoharringtonine
hsa-mir-181c,Pemetrexed
hsa-mir-654,Tamoxifen
hsa-mir-4448,Paroxetine
hsa-mir-187,Tamoxifen
hsa-mir-614,Temozolomide
hsa-mir-302a,Camptothecin
hsa-mir-4701,Nilotinib
hsa-mir-4791,Methylmethcathinone
hsa-mir-1267,Clopidogrel
hsa-mir-3164,Sunitinib
hsa-mir-383,Verapamil
hsa-mir-212,Trichostatin A
hsa-mir-335,Sorafenib
hsa-mir-1261,Anastrozole
hsa-mir-1250,Cisplatin
hsa-let-7i,Exemestane
hsa-let-7i,Methotrexate
hsa-mir-660,Clopidogrel
hsa-mir-633,Paroxetine
hsa-mir-570,Cetuximab
hsa-mir-1976,10-Hydroxycamptothecin (HCPT)
hsa-mir-1255a,Trastuzumab
hsa-mir-663a,Betulinic Acid
hsa-mir-875,Vorinostat
hsa-mir-4473,Dihydrotestosterone
hsa-mir-1228,Vorinostat
hsa-mir-602,Selumetinib
hsa-mir-3139,Vemurafenib
hsa-mir-1249,Dexamethasone
hsa-mir-4497,Capsaicin
hsa-mir-206,Crizotinib
hsa-mir-920,Temozolomide
hsa-mir-148b,DAPT (GSI-IX)
hsa-mir-370,Nutlin
hsa-mir-320d-1,Ixazomib
hsa-mir-34b,Capecitabine
hsa-mir-4758,Doxorubicin (Adriamycin)
hsa-mir-1304,Olaparib
hsa-mir-188,Trastuzumab
hsa-mir-146a,Cyclophosphamide
hsa-mir-516a-1,Fludarabine
hsa-mir-10b,Hydrogen Peroxide (H2O2)
hsa-mir-208a,Oxaliplatin
hsa-mir-3940,Bortezomib
hsa-mir-17,Doxycycline
hsa-mir-628,PD-0325901
hsa-mir-1825,Dasatinib
hsa-mir-520f,Camptothecin
hsa-mir-558,Ribavirin
hsa-mir-936,Pemetrexed
hsa-mir-4655,Imatinib
hsa-mir-670,Betulinic Acid
hsa-mir-662,Ixazomib
hsa-mir-377,Fulvestrant
hsa-mir-498,Retinoic Acid
hsa-mir-1268a,Dibenziodolium
hsa-mir-4650-1,Tanespimycin
hsa-mir-2277,Epirubicin HCl
hsa-mir-4669,Olaparib
hsa-mir-3940,Fludarabine
hsa-mir-1908,Erlotinib
hsa-mir-148b,AGRO100
hsa-mir-513a-1,5-Fluorouracil
hsa-mir-1976,Cisplatin
hsa-mir-410,Tetrahydropalmatine
hsa-mir-4695,Tamoxifen
hsa-mir-4739,PU-H71
hsa-mir-655,Carfilzomib
hsa-mir-4739,ABT-263 (navitoclax)
hsa-mir-1236,Homoharringtonine
hsa-mir-613,Carmustine
hsa-mir-146a,Doxycycline
hsa-mir-222,DAPT (GSI-IX)
hsa-mir-3144,Genistein
hsa-mir-148b,Rituximab
hsa-mir-24-2,Sunitinib
hsa-mir-103a-1,Prednisolone
hsa-mir-133b,Bleomicin
hsa-mir-4706,Arsenic Trioxide
hsa-mir-146b,Curcumin
hsa-mir-194-1,PLX4720
hsa-mir-611,5-Fluorouracil
hsa-mir-375,Verapamil
hsa-mir-1285-1,RAWQ01 (Ruthenium)
hsa-mir-376c,Capecitabine
hsa-mir-944,ABT-263 (navitoclax)
hsa-mir-4286,Fulvestrant
hsa-mir-4430,Exemestane
hsa-mir-18b,Epirubicin HCl
hsa-mir-146b,RAWQ01 (Ruthenium)
hsa-mir-647,Bleomicin
hsa-mir-4669,Arsenic Trioxide
hsa-mir-676,Doxorubicin (Adriamycin)
hsa-mir-4669,Retinoic Acid
hsa-mir-101-1,Tamoxifen
hsa-mir-20b,RAWQ01 (Ruthenium)
hsa-mir-25,Dihydrotestosterone
hsa-mir-508,Cytarabine
hsa-mir-4463,Bleomicin
hsa-mir-375,Topotecan
hsa-mir-939,Gefitinib
hsa-mir-4465,Vemurafenib
hsa-mir-192,Genistein
hsa-mir-520f,Celastrol
hsa-mir-661,Crizotinib
hsa-mir-665,Arsenic Trioxide
hsa-mir-516b-1,Sirolimus
hsa-mir-602,Vinblastine
hsa-mir-345,Ixazomib
hsa-let-7g,AGRO100
hsa-mir-767,Olaparib
hsa-mir-615,Melphalan
hsa-mir-509-1,Gemcitabine
hsa-mir-934,Dibenziodolium
hsa-mir-558,Daunorubicin
hsa-mir-505,Oxaliplatin
hsa-mir-4324,Sunitinib
hsa-mir-631,Tetrahydropalmatine
hsa-mir-495,Pemetrexed
hsa-mir-487a,Sirolimus
hsa-mir-612,Prednisolone
hsa-mir-138-1,Lapatinib
hsa-mir-3651,Paclitaxel
hsa-mir-934,Vorinostat
hsa-mir-450a-1,Neratinib
hsa-mir-519b,Daunorubicin
hsa-mir-3960,Lapatinib
hsa-mir-3620,Tetrahydropalmatine
hsa-mir-92a-1,Trastuzumab
hsa-mir-363,AGRO100
hsa-mir-3141,Mafosfamide
hsa-mir-4430,Tetrahydropalmatine
hsa-mir-302a,Staurosporine
hsa-mir-3131,Fludarabine
hsa-mir-502,Gemcitabine
hsa-mir-770,Epirubicin
hsa-mir-4650-1,Carmustine
mmu-mir-20b,Mafosfamide
hsa-mir-4443,Gefitinib
hsa-mir-10b,Mafosfamide
hsa-mir-549a,Nutlin
hsa-mir-4650-1,Teniposide
hsa-mir-3184,Methotrexate
hsa-mir-582,Carfilzomib
hsa-mir-147a,Vemurafenib
hsa-mir-891b,Bleomicin
hsa-mir-1236,10-Hydroxycamptothecin (HCPT)
hsa-mir-519a-1,Epigallocatechin Gallate
hsa-mir-7-1,Trichostatin A
hsa-mir-3611,Neratinib
hsa-mir-3164,Ixazomib
hsa-mir-372,Trichostatin A
hsa-mir-1202,Bleomicin
hsa-mir-181a-2,Teniposide
hsa-mir-152,Gefitinib
hsa-mir-199a-1,Celastrol
hsa-mir-570,PD-0325901
hsa-mir-100,Epoxomicin
hsa-mir-3183,Bleomicin
hsa-mir-3681,PU-H71
hsa-mir-2277,RAWQ01 (Ruthenium)
hsa-mir-330,AG014699
hsa-mir-3184,Staurosporine
hsa-mir-638,AGRO100
rno-mir-301a,Paroxetine
hsa-mir-1234,Staurosporine
hsa-mir-371a,Temozolomide
hsa-mir-4443,Genistein
hsa-mir-495,Verapamil
hsa-mir-602,Vemurafenib
hsa-mir-4800,Carboplatin
hsa-mir-4646,Verapamil
hsa-mir-296,Pirarubicin
hsa-mir-2682,Nutlin
hsa-mir-526a-1,Pirarubicin
hsa-mir-4483,Prednisone (R-CHOP)
hsa-mir-372,PLX4720
hsa-mir-3074,Letrozole
hsa-mir-454,Erlotinib
hsa-mir-3619,Fulvestrant
hsa-mir-6134,Anastrozole
hsa-mir-4483,Homoharringtonine
hsa-mir-942,Mafosfamide
hsa-mir-3654,AG014699
hsa-mir-888,ABT-263 (navitoclax)
hsa-mir-203a,Dibenziodolium
hsa-mir-1270,Hydroxyurea
hsa-mir-365b,Cisplatin
hsa-mir-718,Tamoxifen
hsa-mir-147b,Betulinic Acid
hsa-mir-1307,Tanespimycin
hsa-mir-557,Trichostatin A
hsa-mir-933,Docetaxel
hsa-mir-4261,Prednisone (R-CHOP)
hsa-mir-181b-1,Decitabine
hsa-mir-4465,Ribavirin
hsa-mir-3177,Pirarubicin
hsa-mir-523,PLX4720
hsa-mir-1226,Nilotinib
hsa-mir-4483,Verapamil
hsa-mir-18a,Teniposide
hsa-mir-1264,Verapamil
hsa-mir-200b,Arsenic Trioxide
hsa-mir-3620,Paclitaxel
hsa-mir-1229,Daunorubicin
hsa-mir-4508,Camptothecin
hsa-mir-4427,Epoxomicin
hsa-mir-1225,Mitoxantrone
hsa-mir-1915,AG014699
hsa-mir-378c,Carfilzomib
hsa-mir-484,Epirubicin HCl
hsa-mir-503,Trichostatin A
hsa-mir-378f,Temozolomide
hsa-mir-520a,Lapatinib
hsa-mir-4689,RAWQ01 (Ruthenium)
hsa-mir-339,Gefitinib
hsa-mir-296,Trastuzumab
hsa-mir-4285,ABT-737
hsa-mir-638,Daunorubicin
hsa-mir-1908,Crizotinib
hsa-mir-922,Carmustine
hsa-mir-4466,Dibenziodolium
hsa-mir-4707,Camptothecin
hsa-mir-492,Capecitabine
hsa-mir-592,Topotecan
hsa-mir-611,Doxorubicin (Adriamycin)
hsa-mir-661,Celastrol
hsa-mir-1304,Prednisone (R-CHOP)
hsa-mir-892b,Decitabine
hsa-mir-648,Epirubicin
hsa-mir-587,Erlotinib
hsa-mir-519d,Erlotinib
hsa-mir-93,Lapatinib
hsa-mir-876,Capecitabine
hsa-mir-196a-1,Carfilzomib
hsa-mir-658,Bleomicin
hsa-mir-924,PD-0325901
hsa-mir-548h-1,Crizotinib
hsa-mir-378f,Carfilzomib
hsa-let-7a-2,Rituximab
hsa-mir-718,Sunitinib
hsa-mir-616,Teniposide
hsa-mir-587,Epigallocatechin Gallate
hsa-mir-549a,Cyclopamine
hsa-mir-17,Mafosfamide
hsa-mir-518b,ABT-737
hsa-mir-450a-1,PD-0325901
hsa-mir-4800,Cyclophosphamide
hsa-mir-1291,Vemurafenib
hsa-mir-2861,Doxycycline
hsa-mir-496,Gefitinib
hsa-mir-96,Fludarabine
hsa-mir-581,Epigallocatechin Gallate
hsa-mir-378e,Nilotinib
hsa-mir-519b,Vinblastine
hsa-mir-4650-1,Neratinib
hsa-mir-3175,Teniposide
hsa-mir-466,Tanespimycin
hsa-mir-449c,Hydrogen Peroxide (H2O2)
hsa-mir-3161,Dihydrotestosterone
hsa-mir-106b,Ribavirin
hsa-mir-361,Methylmethcathinone
hsa-mir-3665,Capecitabine
hsa-mir-100,Mitomycin C
hsa-mir-136,Daunorubicin
hsa-mir-466,Carfilzomib
hsa-mir-374a,DAPT (GSI-IX)
hsa-mir-454,Anastrozole
hsa-mir-450b,Erlotinib
hsa-mir-328,Betulinic Acid
hsa-mir-4638,Genistein
hsa-mir-1178,PLX4720
hsa-mir-548b,Dihydrotestosterone
hsa-mir-99a,Olaparib
hsa-mir-1-1,Vorinostat
hsa-mir-4476,Dibenziodolium
hsa-mir-510,Homoharringtonine
hsa-mir-4722,Docetaxel
hsa-mir-1178,Olaparib
hsa-mir-377,Carmustine
hsa-mir-509-1,Etoposide
hsa-mir-3187,Doxorubicin (Adriamycin)
hsa-mir-557,Hydrogen Peroxide (H2O2)
hsa-mir-500a,Erlotinib
hsa-mir-371a,Genistein
hsa-mir-515-1,Ribavirin
hsa-mir-24-1,Capsaicin
hsa-mir-363,Genistein
hsa-mir-361,ABT-737
hsa-mir-140,Melphalan
hsa-mir-1178,Verapamil
hsa-mir-875,U0126
hsa-mir-4731,Prednisolone
hsa-mir-631,Dihydrotestosterone
hsa-mir-132,Sirolimus
hsa-mir-1825,Prednisolone
hsa-mir-4516,Teniposide
hsa-mir-378e,Hydroxyurea
hsa-mir-1296,Letrozole
hsa-mir-489,Arsenic Trioxide
hsa-mir-532,Capecitabine
hsa-mir-574,Paclitaxel
hsa-mir-503,Dihydrotestosterone
hsa-mir-1257,Olaparib
hsa-mir-1255a,Melphalan
hsa-mir-103a-2,ABT-263 (navitoclax)
hsa-mir-577,Olaparib
hsa-mir-1307,Gefitinib
hsa-mir-621,Bortezomib
hsa-mir-4485,Doxycycline
hsa-mir-1972-1,Rituximab
hsa-mir-339,Imatinib
hsa-mir-1229,Arsenic Trioxide
hsa-mir-4297,Curcumin
hsa-mir-142,Mitoxantrone
hsa-mir-3146,AG014699
hsa-mir-1292,Topotecan
hsa-mir-450a-1,Vorinostat
hsa-mir-1277,Teniposide
hsa-mir-129-1,Staurosporine
hsa-mir-4732,Imatinib
hsa-mir-1469,Cyclopamine
hsa-mir-93,Fulvestrant
hsa-mir-876,Betulinic Acid
hsa-mir-1285-1,Lapatinib
hsa-mir-148b,Selumetinib
hsa-mir-484,Dexamethasone
hsa-mir-624,Methotrexate
hsa-mir-1285-1,Mitomycin C
hsa-mir-135b,Olaparib
hsa-mir-224,Ixazomib
hsa-mir-199a-1,Etoposide
hsa-mir-4288,Sorafenib
hsa-mir-924,Camptothecin
hsa-mir-4324,Oxaliplatin
hsa-mir-3139,Dasatinib
hsa-mir-1271,Arsenic Trioxide
hsa-mir-106b,Epoxomicin
hsa-mir-432,Hydrogen Peroxide (H2O2)
hsa-mir-486-1,Ribavirin
hsa-mir-1181,Carfilzomib
hsa-mir-1226,Bleomicin
hsa-mir-135a-1,Hydroxyurea
hsa-mir-23b,Epigallocatechin Gallate
hsa-mir-196a-1,Erlotinib
hsa-mir-518b,Homoharringtonine
hsa-mir-539,Homoharringtonine
hsa-mir-135a-1,Vincristine
hsa-mir-515-1,DAPT (GSI-IX)
hsa-mir-1469,Dihydrotestosterone
hsa-mir-1234,Gefitinib
hsa-mir-3196,Bleomicin
hsa-mir-4723,Paclitaxel
hsa-mir-3660,Betulinic Acid
hsa-mir-10b,Dibenziodolium
hsa-mir-496,Letrozole
hsa-mir-3153,Methotrexate
hsa-mir-128-1,Carmustine
hsa-mir-378g,Retinoic Acid
hsa-mir-889,Etoposide
hsa-mir-3164,DAPT (GSI-IX)
hsa-mir-147b,Dibenziodolium
hsa-mir-512-1,Verapamil
hsa-mir-936,Vemurafenib
hsa-mir-548c,Pemetrexed
hsa-mir-4485,Prednisolone
hsa-mir-4665,Fulvestrant
hsa-mir-4758,Dasatinib
hsa-mir-500a,Levetiracetam(LEV)
hsa-mir-153-2,Bleomicin
hsa-mir-204,Temozolomide
hsa-mir-133a-1,Fulvestrant
hsa-mir-660,Nutlin
hsa-mir-1301,AG014699
hsa-mir-328,Arsenic Trioxide
hsa-let-7f-1,ABT-737
hsa-mir-320d-1,Vorinostat
hsa-mir-4710,ABT-263 (navitoclax)
hsa-mir-629,Prednisone (R-CHOP)
hsa-mir-588,Sunitinib
hsa-mir-27b,Vinblastine
hsa-mir-514a-1,Anastrozole
hsa-mir-106a,Celastrol
hsa-mir-619,10-Hydroxycamptothecin (HCPT)
hsa-mir-200a,Capecitabine
hsa-mir-618,PLX4720
hsa-mir-17,Teniposide
hsa-mir-1267,RAWQ01 (Ruthenium)
hsa-mir-205,Ixazomib
hsa-mir-876,Exemestane
hsa-mir-34b,Bleomicin
hsa-mir-381,PU-H71
hsa-mir-766,PD-0325901
hsa-mir-506,Fludarabine
hsa-mir-320e,5-Fluorouracil
hsa-mir-626,Clopidogrel
hsa-mir-4521,ABT-737
hsa-mir-4261,Mitoxantrone
hsa-mir-297,PD-0325901
hsa-mir-508,ABT-737
hsa-mir-603,Tamoxifen
hsa-mir-4284,Nutlin
hsa-mir-202,Letrozole
hsa-mir-1226,Anastrozole
hsa-mir-4488,Erlotinib
hsa-mir-591,Methylmethcathinone
hsa-mir-95,Hydrogen Peroxide (H2O2)
hsa-mir-4731,Tamoxifen
hsa-mir-466,Homoharringtonine
hsa-mir-526a-1,Cetuximab
hsa-mir-144,Selumetinib
hsa-mir-4722,Pemetrexed
hsa-mir-4319,Epothilone B
hsa-mir-96,Dasatinib
hsa-mir-3161,Trichostatin A
hsa-mir-648,Temozolomide
hsa-mir-651,Cetuximab
hsa-mir-372,Carboplatin
hsa-mir-1304,Verapamil
hsa-mir-24-1,Gemcitabine
hsa-mir-4297,Vinblastine
hsa-mir-323a,Capecitabine
hsa-mir-340,10-Hydroxycamptothecin (HCPT)
hsa-mir-20b,Crizotinib
hsa-mir-331,Hydrogen Peroxide (H2O2)
hsa-let-7e,10-Hydroxycamptothecin (HCPT)
hsa-mir-3183,Nutlin
hsa-mir-300,Epoxomicin
hsa-mir-3144,Prednisone (R-CHOP)
hsa-mir-4739,Verapamil
hsa-mir-412,ABT-737
hsa-mir-519d,RAWQ01 (Ruthenium)
hsa-mir-624,PU-H71
hsa-mir-640,Neratinib
hsa-mir-218-1,Rituximab
hsa-mir-211,Vincristine
hsa-mir-634,ABT-737
hsa-mir-2861,10-Hydroxycamptothecin (HCPT)
hsa-mir-2113,Doxycycline
hsa-mir-4669,Neratinib
hsa-mir-4463,Epirubicin HCl
hsa-mir-1229,Teniposide
hsa-mir-4787,Epothilone B
hsa-mir-1264,Cetuximab
hsa-mir-214,AG014699
hsa-mir-4739,Dibenziodolium
hsa-mir-320b-1,Vemurafenib
hsa-mir-1468,Tetrahydropalmatine
hsa-mir-127,Betulinic Acid
hsa-mir-125b-1,Crizotinib
hsa-mir-147a,PD-0325901
hsa-mir-221,PU-H71
hsa-mir-873,Prednisolone
hsa-mir-630,AGRO100
hsa-mir-4454,Sorafenib
hsa-mir-137,Neratinib
hsa-mir-4427,Trichostatin A
hsa-mir-500b,Epirubicin
hsa-mir-33b,Imatinib
hsa-mir-522,Epigallocatechin Gallate
hsa-mir-218-1,Pemetrexed
hsa-mir-4678,Genistein
hsa-mir-92b,Epigallocatechin Gallate
hsa-mir-516b-1,Vincristine
hsa-mir-4725,Vemurafenib
hsa-mir-508,Carboplatin
hsa-mir-877,Retinoic Acid
hsa-mir-2114,PLX4720
hsa-mir-1323,Trastuzumab
hsa-mir-519b,Sirolimus
hsa-mir-1306,Mitomycin C
hsa-mir-4497,Tamoxifen
hsa-mir-532,10-Hydroxycamptothecin (HCPT)
hsa-mir-1225,Dasatinib
hsa-mir-372,Vorinostat
hsa-mir-520d,Trastuzumab
hsa-mir-4297,Epirubicin
hsa-mir-202,Tanespimycin
hsa-mir-4443,Hydroxyurea
hsa-mir-133a-1,Celastrol
hsa-mir-1179,Exemestane
hsa-mir-4315-1,Doxycycline
hsa-mir-409,Dexamethasone
hsa-mir-1323,Cyclopamine
hsa-mir-4695,Olaparib
hsa-mir-608,Epoxomicin
hsa-mir-518d,Dexamethasone
hsa-mir-449c,Temozolomide
hsa-mir-4678,Verapamil
hsa-mir-1260b,Crizotinib
hsa-mir-4289,Epirubicin HCl
hsa-mir-581,Pirarubicin
hsa-mir-4448,Lapatinib
hsa-mir-1293,Gefitinib
hsa-mir-1273c,Imatinib
hsa-mir-328,Paclitaxel
hsa-mir-1202,Capsaicin
hsa-mir-1206,PLX4720
hsa-mir-367,Methylmethcathinone
hsa-mir-450b,Ribavirin
hsa-mir-450a-2,Bleomicin
hsa-mir-3150b,Levetiracetam(LEV)
hsa-mir-487a,Vorinostat
hsa-mir-4487,PU-H71
hsa-mir-516b-1,Clopidogrel
hsa-mir-411,Tanespimycin
hsa-mir-411,Methylmethcathinone
hsa-mir-564,Vemurafenib
hsa-mir-1269a,Nilotinib
hsa-mir-34b,Sunitinib
hsa-mir-519b,AGRO100
hsa-mir-365a,Cyclophosphamide
hsa-mir-1297,Dexamethasone
hsa-mir-188,Neratinib
hsa-mir-1256,Vorinostat
hsa-mir-609,Anastrozole
hsa-mir-3194,Imatinib
hsa-mir-506,Vincristine
hsa-mir-4685,Trastuzumab
hsa-mir-26b,Fludarabine
hsa-mir-581,Epothilone B
hsa-mir-454,Selumetinib
hsa-mir-4695,Epirubicin
hsa-mir-522,Trichostatin A
hsa-mir-501,Carboplatin
hsa-mir-337,Camptothecin
hsa-mir-136,Celastrol
hsa-mir-4483,Epirubicin HCl
hsa-mir-597,Cytarabine
hsa-mir-3200,Vinblastine
hsa-mir-30a,Camptothecin
hsa-mir-484,Epothilone B
hsa-mir-449b,Capsaicin
hsa-mir-200b,Topotecan
hsa-mir-4466,Exemestane
hsa-mir-1271,10-Hydroxycamptothecin (HCPT)
hsa-mir-1226,U0126
hsa-mir-146a,RAWQ01 (Ruthenium)
hsa-mir-1204,Curcumin
hsa-mir-570,Cyclopamine
hsa-mir-3186,Gefitinib
hsa-mir-374a,Cytarabine
hsa-mir-4319,Topotecan
hsa-mir-3065,Exemestane
hsa-mir-448,Erlotinib
hsa-mir-3178,Prednisolone
hsa-mir-3193,Epoxomicin
hsa-mir-154,Curcumin
hsa-mir-6134,Ribavirin
hsa-mir-942,Paclitaxel
hsa-mir-4279,Temozolomide
hsa-mir-4655,Capecitabine
hsa-mir-1233-1,Topotecan
hsa-mir-4728,Rituximab
hsa-mir-605,Methotrexate
hsa-mir-3131,Carboplatin
hsa-mir-346,Ixazomib
hsa-mir-100,Neratinib
hsa-mir-663b,Hydrogen Peroxide (H2O2)
hsa-mir-555,ABT-737
hsa-mir-196b,Vinorelbine
hsa-mir-30c-2,Clopidogrel
hsa-mir-3651,Letrozole
hsa-mir-885,Cyclopamine
hsa-mir-1293,Cetuximab
hsa-mir-940,Cetuximab
hsa-mir-4687,Doxycycline
hsa-mir-3153,Hydroxyurea
hsa-mir-1292,Daunorubicin
hsa-mir-450a-2,PU-H71
hsa-mir-7-1,DAPT (GSI-IX)
hsa-mir-193a,PD-0325901
hsa-mir-340,Cetuximab
hsa-mir-125a,PU-H71
hsa-mir-942,Trastuzumab
hsa-mir-1248,Decitabine
hsa-mir-378g,RAWQ01 (Ruthenium)
hsa-mir-216b,Epirubicin HCl
hsa-mir-1247,Clopidogrel
hsa-mir-4791,Paclitaxel
hsa-mir-718,Erlotinib
hsa-mir-185,Mafosfamide
hsa-mir-1260a,Epirubicin HCl
hsa-mir-376a-1,Cyclophosphamide
hsa-mir-7-1,Mafosfamide
hsa-mir-1976,Vincristine
hsa-mir-520e,Capsaicin
hsa-mir-4723,Topotecan
hsa-mir-490,10-Hydroxycamptothecin (HCPT)
hsa-mir-4707,Prednisone (R-CHOP)
hsa-mir-671,Dibenziodolium
hsa-mir-630,Fulvestrant
hsa-mir-30d,PU-H71
hsa-mir-2467,Epigallocatechin Gallate
hsa-mir-519c,RAWQ01 (Ruthenium)
hsa-mir-1293,Cyclophosphamide
hsa-mir-1258,Gefitinib
hsa-mir-4788,Cyclophosphamide
hsa-mir-1226,Docetaxel
hsa-mir-196a-1,ABT-737
hsa-mir-502,Daunorubicin
hsa-mir-635,Fulvestrant
hsa-mir-1825,AG014699
hsa-mir-3654,Mitoxantrone
hsa-mir-635,Curcumin
hsa-mir-4763,Cyclophosphamide
hsa-mir-30e,Camptothecin
hsa-mir-3065,Prednisone (R-CHOP)
hsa-mir-454,Homoharringtonine
hsa-mir-192,Prednisolone
hsa-mir-508,Gefitinib
hsa-mir-10a,Arsenic Trioxide
hsa-mir-3175,Levetiracetam(LEV)
hsa-mir-758,Hydrogen Peroxide (H2O2)
hsa-mir-4488,Tetrahydropalmatine
hsa-mir-19a,Cyclophosphamide
hsa-mir-125b-1,Tanespimycin
hsa-mir-10a,Paroxetine
hsa-mir-609,Methotrexate
hsa-mir-4501,Dibenziodolium
hsa-mir-199b,RAWQ01 (Ruthenium)
hsa-mir-195,Bortezomib
hsa-mir-1291,Nutlin
hsa-mir-548m,Prednisolone
hsa-mir-193a,Vinblastine
hsa-mir-92b,Epoxomicin
hsa-mir-516b-1,Curcumin
hsa-mir-216b,Teniposide
hsa-mir-22,Methotrexate
hsa-mir-4497,Epirubicin
hsa-mir-466,Fludarabine
hsa-mir-2682,Fludarabine
hsa-mir-7-1,Betulinic Acid
hsa-mir-371b,Prednisone (R-CHOP)
hsa-mir-3198-1,Epirubicin
hsa-mir-606,Carmustine
hsa-mir-940,Hydroxyurea
hsa-mir-299,Sorafenib
hsa-mir-548m,Erlotinib
hsa-mir-1181,Mitomycin C
hsa-mir-769,Temozolomide
hsa-mir-3153,Fulvestrant
hsa-mir-558,Melphalan
hsa-mir-134,Mafosfamide
hsa-mir-3164,Carmustine
hsa-mir-619,Dihydrotestosterone
hsa-mir-519a-1,Docetaxel
hsa-mir-4487,Neratinib
hsa-mir-3153,Capecitabine
hsa-mir-4669,Rituximab
hsa-mir-648,Paroxetine
hsa-mir-4466,Pirarubicin
hsa-mir-637,Ixazomib
hsa-mir-4286,Vorinostat
hsa-mir-708,Oxaliplatin
hsa-mir-3654,Mafosfamide
hsa-mir-371b,Exemestane
hsa-mir-124-1,AGRO100
hsa-mir-1204,Bortezomib
hsa-mir-561,Rituximab
hsa-mir-215,Temozolomide
hsa-mir-429,Dihydrotestosterone
hsa-mir-188,ABT-263 (navitoclax)
hsa-mir-922,Daunorubicin
hsa-mir-151a,Mafosfamide
hsa-mir-34c,Doxycycline
hsa-mir-2277,Temozolomide
hsa-mir-4638,Imatinib
hsa-mir-4711,Capecitabine
hsa-mir-2861,PLX4720
hsa-mir-146b,Lapatinib
hsa-mir-877,Docetaxel
hsa-mir-367,Paroxetine
hsa-mir-4669,Nutlin
hsa-mir-29b-1,Epoxomicin
hsa-mir-4484,AG014699
hsa-mir-3183,Rituximab
hsa-mir-371a,Arsenic Trioxide
hsa-mir-3681,Oxaliplatin
hsa-mir-138-1,Epoxomicin
hsa-mir-4725,Curcumin
hsa-mir-203a,Carmustine
hsa-mir-30c-1,Neratinib
hsa-mir-516a-1,Teniposide
hsa-mir-1976,Mitomycin C
hsa-mir-622,AG014699
hsa-mir-3651,Anastrozole
hsa-mir-4787,Crizotinib
hsa-mir-1296,Erlotinib
hsa-mir-548m,Bortezomib
hsa-let-7a-2,Sunitinib
hsa-mir-1178,Methylmethcathinone
hsa-mir-518a-1,Retinoic Acid
hsa-mir-345,Bleomicin
hsa-mir-377,Docetaxel
hsa-mir-429,Nilotinib
hsa-mir-4650-1,Mafosfamide
hsa-mir-602,Sorafenib
hsa-mir-489,U0126
hsa-mir-1304,Cisplatin
hsa-mir-1321,Vinblastine
hsa-mir-101-1,Teniposide
hsa-mir-145,Etoposide
hsa-mir-27a,Mitomycin C
hsa-let-7g,Cyclopamine
hsa-mir-497,Cetuximab
hsa-mir-548a-1,Daunorubicin
hsa-mir-4791,ABT-263 (navitoclax)
hsa-mir-20b,AGRO100
hsa-mir-1253,ABT-263 (navitoclax)
hsa-mir-181d,Pirarubicin
hsa-mir-495,Staurosporine
hsa-mir-4286,Doxorubicin (Adriamycin)
hsa-mir-4669,Staurosporine
hsa-mir-874,Nutlin
hsa-mir-450a-2,Methylmethcathinone
hsa-mir-144,PD-0325901
hsa-mir-4297,Temozolomide
hsa-mir-122,PU-H71
hsa-mir-204,Anastrozole
hsa-mir-4644,Dexamethasone
hsa-mir-153-1,Mitomycin C
hsa-mir-633,Genistein
hsa-mir-196a-1,Celastrol
hsa-mir-3960,Capecitabine
hsa-mir-199a-1,Fludarabine
hsa-mir-3149,Betulinic Acid
hsa-mir-510,DAPT (GSI-IX)
hsa-mir-665,Melphalan
hsa-mir-326,Arsenic Trioxide
hsa-mir-96,Bleomicin
hsa-mir-424,Cyclopamine
hsa-mir-1292,Hydroxyurea
hsa-mir-181c,Bortezomib
hsa-mir-320d-1,Epigallocatechin Gallate
hsa-mir-1323,Topotecan
hsa-mir-24-2,Arsenic Trioxide
hsa-mir-4443,Epothilone B
hsa-mir-1539,AG014699
hsa-mir-4476,Pemetrexed
hsa-mir-665,Decitabine
hsa-mir-1260a,Methotrexate
hsa-mir-488,Methylmethcathinone
hsa-mir-633,DAPT (GSI-IX)
hsa-mir-615,Crizotinib
hsa-mir-34c,Hydroxyurea
hsa-mir-4706,Paclitaxel
hsa-mir-1200,Staurosporine
hsa-mir-3153,Trastuzumab
rno-mir-301a,Homoharringtonine
hsa-mir-639,Methylmethcathinone
hsa-mir-1229,Carfilzomib
hsa-mir-877,Trastuzumab
hsa-mir-618,ABT-737
hsa-mir-24-1,Celastrol
hsa-mir-563,Cisplatin
hsa-mir-3161,Epirubicin
hsa-mir-34a,Epirubicin
hsa-mir-96,Dibenziodolium
hsa-mir-4749,Trichostatin A
hsa-mir-633,Cyclophosphamide
hsa-mir-658,RAWQ01 (Ruthenium)
hsa-mir-218-1,Camptothecin
hsa-mir-802,Pemetrexed
hsa-mir-101-1,Vemurafenib
hsa-mir-572,Capsaicin
hsa-mir-320b-1,Paclitaxel
hsa-mir-31,PLX4720
hsa-mir-219a-1,Imatinib
hsa-mir-514a-1,Camptothecin
hsa-mir-577,AG014699
hsa-mir-106a,Sunitinib
hsa-mir-659,Ixazomib
hsa-mir-3194,PD-0325901
hsa-mir-373,Curcumin
hsa-mir-593,Imatinib
hsa-mir-2113,Epirubicin HCl
hsa-mir-593,Letrozole
hsa-mir-142,Melphalan
hsa-mir-616,Fludarabine
hsa-mir-3194,Carboplatin
hsa-mir-545,Arsenic Trioxide
hsa-mir-320e,U0126
hsa-mir-655,Genistein
hsa-mir-658,Anastrozole
hsa-mir-587,Nilotinib
hsa-mir-665,Carboplatin
hsa-mir-521-1,Decitabine
hsa-mir-1257,Fulvestrant
hsa-mir-638,Ribavirin
hsa-mir-3175,AG014699
hsa-mir-185,Verapamil
hsa-mir-23a,Olaparib
hsa-mir-675,RAWQ01 (Ruthenium)
hsa-mir-581,Cisplatin
hsa-mir-582,Cyclopamine
hsa-mir-1321,Lapatinib
hsa-mir-885,Hydrogen Peroxide (H2O2)
hsa-mir-4466,10-Hydroxycamptothecin (HCPT)
hsa-mir-765,Ribavirin
hsa-mir-501,Selumetinib
hsa-mir-499a,Gemcitabine
hsa-mir-3175,Bleomicin
hsa-mir-935,Docetaxel
hsa-mir-211,Ixazomib
hsa-mir-378d-1,Capsaicin
hsa-mir-4289,Epigallocatechin Gallate
hsa-mir-620,Carboplatin
hsa-let-7g,Epothilone B
hsa-mir-145,Prednisolone
hsa-mir-671,Hydrogen Peroxide (H2O2)
hsa-mir-1291,Exemestane
hsa-mir-301a,Doxycycline
hsa-mir-450b,Epigallocatechin Gallate
hsa-mir-1825,Paclitaxel
hsa-mir-182,Paroxetine
hsa-mir-618,Mafosfamide
hsa-mir-518f,Oxaliplatin
hsa-mir-381,Decitabine
hsa-mir-302b,Fulvestrant
hsa-mir-708,Exemestane
hsa-mir-383,Gefitinib
hsa-mir-3065,Olaparib
hsa-mir-329-1,Verapamil
hsa-mir-657,Ribavirin
hsa-mir-490,Genistein
hsa-mir-647,Erlotinib
hsa-mir-1247,Pirarubicin
hsa-mir-1285-1,Neratinib
hsa-mir-221,Tetrahydropalmatine
hsa-mir-204,Vinorelbine
hsa-mir-193a,Staurosporine
hsa-mir-3682,Vincristine
hsa-mir-541,Cytarabine
hsa-mir-378b,Epirubicin HCl
hsa-mir-18b,PU-H71
hsa-mir-17,ABT-737
hsa-mir-3185,DAPT (GSI-IX)
hsa-mir-6134,PD-0325901
hsa-mir-668,Etoposide
hsa-mir-3146,Melphalan
hsa-mir-2467,Methylmethcathinone
hsa-mir-1825,Pirarubicin
hsa-mir-558,Imatinib
hsa-mir-487a,Vinblastine
hsa-mir-3175,Hydrogen Peroxide (H2O2)
hsa-mir-548a-2,Lapatinib
hsa-mir-150,Epirubicin HCl
hsa-mir-1178,Cisplatin
hsa-mir-149,Etoposide
hsa-mir-19b-1,Cyclopamine
hsa-let-7f-2,Levetiracetam(LEV)
hsa-mir-181c,Carfilzomib
hsa-mir-107,Olaparib
hsa-mir-3193,Mitoxantrone
hsa-mir-662,Cetuximab
hsa-mir-1470,Hydrogen Peroxide (H2O2)
hsa-mir-1249,RAWQ01 (Ruthenium)
hsa-mir-205,U0126
hsa-mir-626,Sunitinib
hsa-mir-3117,Olaparib
hsa-mir-635,Bortezomib
hsa-mir-513b,Docetaxel
hsa-mir-758,Teniposide
hsa-mir-7-1,Epoxomicin
hsa-mir-1270,Fulvestrant
hsa-mir-639,Bleomicin
hsa-mir-200b,Fludarabine
hsa-mir-628,Gemcitabine
hsa-mir-610,Tetrahydropalmatine
hsa-mir-2682,Dibenziodolium
hsa-mir-593,Genistein
hsa-mir-374b,Carmustine
hsa-mir-519d,Doxycycline
hsa-mir-203a,Pemetrexed
hsa-mir-4787,Celastrol
hsa-mir-539,Tetrahydropalmatine
hsa-mir-190a,Cyclopamine
hsa-mir-4315-1,PLX4720
hsa-mir-373,Fludarabine
hsa-mir-650,PU-H71
hsa-mir-326,ABT-737
hsa-mir-149,Ribavirin
hsa-mir-663a,Daunorubicin
hsa-mir-4315-1,Betulinic Acid
hsa-mir-3960,Carfilzomib
hsa-mir-365a,Staurosporine
hsa-mir-1206,Gefitinib
hsa-mir-30c-1,Decitabine
hsa-let-7f-1,Nutlin
hsa-mir-1539,Dihydrotestosterone
hsa-mir-515-1,ABT-263 (navitoclax)
hsa-mir-30e,Cetuximab
hsa-mir-153-1,Prednisone (R-CHOP)
hsa-mir-608,Gemcitabine
hsa-mir-493,Imatinib
hsa-mir-518a-1,Dibenziodolium
hsa-mir-100,ABT-263 (navitoclax)
hsa-mir-765,Trichostatin A
hsa-mir-3180-1,ABT-737
hsa-mir-335,Melphalan
hsa-mir-1304,Pirarubicin
hsa-mir-4288,Camptothecin
hsa-mir-1304,ABT-263 (navitoclax)
hsa-mir-328,Hydroxyurea
hsa-mir-670,Nutlin
hsa-mir-563,Prednisone (R-CHOP)
hsa-mir-205,Pemetrexed
hsa-mir-211,Docetaxel
hsa-mir-887,Tetrahydropalmatine
hsa-mir-940,Dasatinib
hsa-mir-206,Nilotinib
hsa-mir-1233-1,Lapatinib
hsa-mir-1910,Cyclopamine
hsa-mir-330,PD-0325901
hsa-mir-548h-1,Tanespimycin
hsa-mir-525,Dexamethasone
hsa-mir-181a-2,Paroxetine
hsa-mir-296,Verapamil
hsa-mir-30b,Letrozole
hsa-mir-4284,ABT-263 (navitoclax)
hsa-mir-302a,Arsenic Trioxide
hsa-mir-668,Epigallocatechin Gallate
hsa-mir-198,Vincristine
hsa-mir-153-2,Carfilzomib
hsa-mir-32,ABT-263 (navitoclax)
hsa-mir-675,Camptothecin
hsa-mir-598,Clopidogrel
hsa-mir-369,Capecitabine
hsa-mir-563,Mitoxantrone
hsa-mir-4723,Tetrahydropalmatine
hsa-mir-191,Epirubicin HCl
hsa-mir-34b,Epirubicin HCl
hsa-mir-200c,Cyclophosphamide
hsa-mir-658,Tetrahydropalmatine
hsa-mir-3162,AGRO100
hsa-mir-4689,Epigallocatechin Gallate
hsa-mir-3186,Methotrexate
hsa-mir-524,Camptothecin
hsa-mir-4653,Hydrogen Peroxide (H2O2)
hsa-mir-648,Nutlin
hsa-mir-34b,Cyclopamine
hsa-mir-1268a,Vorinostat
hsa-mir-3161,Doxorubicin (Adriamycin)
hsa-mir-4706,Gefitinib
hsa-mir-1265,Vorinostat
hsa-mir-370,Clopidogrel
hsa-mir-493,PU-H71
hsa-mir-1182,Capecitabine
hsa-mir-431,Crizotinib
hsa-mir-662,Hydroxyurea
hsa-mir-1250,Tanespimycin
hsa-mir-518f,Epirubicin HCl
hsa-mir-134,Oxaliplatin
hsa-mir-606,PU-H71
hsa-mir-92a-2,Prednisolone
hsa-mir-1247,Teniposide
hsa-mir-517c,Mitoxantrone
hsa-mir-888,Cetuximab
hsa-mir-376a-1,Temozolomide
hsa-mir-21,Topotecan
hsa-mir-4800,Retinoic Acid
hsa-mir-96,AGRO100
hsa-mir-3065,Trichostatin A
hsa-mir-874,10-Hydroxycamptothecin (HCPT)
hsa-mir-563,Clopidogrel
hsa-mir-31,RAWQ01 (Ruthenium)
hsa-mir-33a,RAWQ01 (Ruthenium)
hsa-mir-16-2,Trichostatin A
hsa-mir-95,10-Hydroxycamptothecin (HCPT)
hsa-mir-634,Decitabine
hsa-mir-502,Ribavirin
hsa-mir-215,Bleomicin
hsa-mir-33b,Celastrol
hsa-mir-374a,Paroxetine
hsa-mir-887,Fulvestrant
hsa-mir-4723,Carboplatin
hsa-mir-1301,Hydrogen Peroxide (H2O2)
hsa-mir-342,Tanespimycin
hsa-mir-432,Paroxetine
hsa-mir-99b,Bleomicin
hsa-mir-634,Neratinib
hsa-mir-4284,Sorafenib
hsa-mir-187,Sunitinib
hsa-mir-301b,Temozolomide
hsa-mir-31,AG014699
hsa-mir-1307,ABT-263 (navitoclax)
hsa-mir-194-1,Nutlin
hsa-mir-323a,Homoharringtonine
hsa-mir-3679,Ixazomib
hsa-mir-885,Ixazomib
hsa-mir-605,Capecitabine
hsa-mir-624,Dasatinib
hsa-mir-4487,Curcumin
hsa-mir-588,Neratinib
hsa-mir-329-1,Mitoxantrone
hsa-mir-4258,Bortezomib
hsa-mir-4297,AGRO100
hsa-mir-935,Tetrahydropalmatine
hsa-mir-363,Retinoic Acid
hsa-mir-602,Pirarubicin
hsa-mir-3654,PLX4720
hsa-mir-1306,Hydroxyurea
hsa-mir-640,Doxycycline
hsa-mir-576,Tanespimycin
hsa-mir-1200,Cyclophosphamide
hsa-mir-493,Cytarabine
hsa-mir-642a,Cetuximab
hsa-mir-3196,Anastrozole
hsa-mir-889,PD-0325901
hsa-mir-664a,Tanespimycin
hsa-mir-601,Methylmethcathinone
hsa-mir-758,Epigallocatechin Gallate
hsa-mir-1299,Lapatinib
hsa-mir-873,RAWQ01 (Ruthenium)
hsa-mir-153-1,Imatinib
hsa-mir-3198-1,Mitoxantrone
hsa-mir-378f,Prednisone (R-CHOP)
hsa-mir-1236,Ribavirin
hsa-mir-3167,Prednisone (R-CHOP)
hsa-mir-3651,Sunitinib
hsa-mir-378a,Paclitaxel
hsa-mir-96,Vinblastine
hsa-mir-613,Paclitaxel
hsa-mir-1200,AGRO100
hsa-mir-648,RAWQ01 (Ruthenium)
hsa-mir-570,Temozolomide
hsa-mir-34a,Epoxomicin
hsa-mir-4638,ABT-263 (navitoclax)
hsa-mir-542,Paclitaxel
hsa-mir-107,Sirolimus
hsa-mir-301b,Oxaliplatin
hsa-mir-374c,Arsenic Trioxide
hsa-mir-301b,Sirolimus
hsa-let-7a-2,Doxycycline
hsa-mir-936,Ribavirin
hsa-mir-610,Cytarabine
hsa-mir-513c,Anastrozole
hsa-mir-3180-1,AGRO100
hsa-mir-302a,AG014699
hsa-mir-489,Carboplatin
hsa-mir-522,Melphalan
hsa-mir-611,Decitabine
hsa-mir-200a,Sirolimus
hsa-mir-488,Doxycycline
hsa-mir-521-1,Arsenic Trioxide
hsa-mir-373,Cyclophosphamide
hsa-mir-486-1,Arsenic Trioxide
hsa-mir-210,Epigallocatechin Gallate
hsa-mir-572,Ribavirin
hsa-mir-621,Capecitabine
hsa-mir-4758,Prednisolone
hsa-mir-4508,Topotecan
hsa-mir-301b,Epothilone B
hsa-mir-4701,Cyclophosphamide
hsa-mir-1234,Dexamethasone
hsa-mir-936,Erlotinib
hsa-let-7b,Neratinib
hsa-mir-614,PD-0325901
hsa-mir-326,PU-H71
hsa-mir-634,Tamoxifen
hsa-mir-1206,Epothilone B
hsa-mir-202,Hydroxyurea
hsa-mir-539,Vinblastine
hsa-mir-634,Docetaxel
hsa-mir-1976,Neratinib
hsa-mir-1246,Daunorubicin
hsa-mir-29c,Vinorelbine
hsa-mir-183,Daunorubicin
hsa-mir-146b,ABT-263 (navitoclax)
hsa-mir-3674,Oxaliplatin
hsa-mir-3188,Carfilzomib
hsa-mir-627,Prednisolone
hsa-mir-650,Erlotinib
hsa-mir-519c,Ribavirin
hsa-mir-1255a,Dibenziodolium
hsa-mir-518f,Nilotinib
hsa-mir-210,Mitoxantrone
hsa-mir-449c,Carmustine
hsa-mir-1972-1,Mitoxantrone
hsa-mir-3163,Sorafenib
hsa-mir-1301,Paroxetine
hsa-mir-940,Anastrozole
hsa-mir-4478,Nilotinib
hsa-mir-215,Curcumin
hsa-mir-380,Retinoic Acid
hsa-mir-519d,Selumetinib
hsa-mir-3154,Paroxetine
hsa-mir-339,Vinorelbine
hsa-mir-383,Paroxetine
hsa-mir-449b,Rituximab
hsa-mir-339,Anastrozole
hsa-mir-27b,Dihydrotestosterone
hsa-mir-3130-1,Cetuximab
hsa-mir-935,Teniposide
hsa-mir-1261,Epirubicin
hsa-mir-1538,PU-H71
hsa-mir-193b,AGRO100
mmu-mir-703,Temozolomide
hsa-mir-298,Vinorelbine
hsa-mir-331,Cyclophosphamide
hsa-mir-181b-1,Selumetinib
hsa-mir-149,Rituximab
hsa-mir-1267,Cyclophosphamide
hsa-mir-371a,Trichostatin A
hsa-mir-497,Fludarabine
hsa-mir-378b,Carboplatin
hsa-mir-150,Levetiracetam(LEV)
hsa-mir-92a-2,Camptothecin
hsa-mir-371a,Anastrozole
hsa-mir-1275,Trastuzumab
hsa-mir-423,Methylmethcathinone
hsa-mir-485,Methylmethcathinone
hsa-mir-1972-1,Clopidogrel
hsa-mir-3651,Gefitinib
hsa-mir-1179,5-Fluorouracil
hsa-mir-548a-2,Vemurafenib
hsa-mir-2113,Ixazomib
hsa-mir-483,U0126
hsa-mir-3163,PD-0325901
hsa-mir-2114,Nilotinib
hsa-mir-145,Trichostatin A
hsa-mir-138-1,Carboplatin
hsa-mir-3184,Vincristine
hsa-mir-545,AG014699
hsa-mir-1246,Mitoxantrone
hsa-mir-760,Curcumin
hsa-mir-3681,Mitoxantrone
hsa-mir-144,Daunorubicin
hsa-mir-4476,Carboplatin
hsa-mir-3187,Dasatinib
hsa-mir-767,Levetiracetam(LEV)
hsa-mir-1285-1,Hydroxyurea
hsa-mir-4758,Dexamethasone
hsa-mir-612,Tetrahydropalmatine
hsa-mir-4731,Mitoxantrone
hsa-mir-185,Pemetrexed
hsa-mir-101-1,Epirubicin
hsa-mir-197,Ribavirin
hsa-mir-181a-2,Bortezomib
hsa-mir-520c,Bleomicin
hsa-mir-542,Tamoxifen
hsa-mir-581,Fludarabine
mmu-mir-20b,Clopidogrel
hsa-mir-4473,Docetaxel
hsa-mir-548c,Celastrol
hsa-mir-4535,Rituximab
hsa-mir-144,Epirubicin
hsa-mir-4324,Epoxomicin
hsa-mir-129-1,U0126
hsa-mir-1247,Carboplatin
hsa-mir-378g,Neratinib
hsa-mir-1236,Tetrahydropalmatine
hsa-mir-873,Tanespimycin
hsa-mir-200a,Hydroxyurea
hsa-mir-9-1,Doxycycline
hsa-mir-3940,Capsaicin
hsa-mir-628,Cetuximab
hsa-mir-1206,Vemurafenib
hsa-mir-1256,Sunitinib
hsa-mir-129-1,RAWQ01 (Ruthenium)
hsa-mir-1206,Crizotinib
hsa-mir-1226,Retinoic Acid
hsa-mir-519c,5-Fluorouracil
hsa-mir-129-1,Daunorubicin
hsa-mir-1915,Prednisolone
hsa-mir-320e,Capsaicin
hsa-mir-920,Betulinic Acid
hsa-mir-3163,Ixazomib
hsa-mir-655,Mitomycin C
hsa-mir-30c-2,Exemestane
hsa-mir-23b,Epoxomicin
hsa-mir-141,Epirubicin
hsa-mir-342,Epoxomicin
hsa-mir-4653,Dibenziodolium
hsa-mir-611,Tamoxifen
hsa-mir-3679,Vemurafenib
hsa-mir-4650-1,Etoposide
hsa-mir-23a,Staurosporine
hsa-mir-622,Clopidogrel
hsa-mir-589,Carboplatin
hsa-mir-30d,Bleomicin
hsa-mir-504,Vorinostat
hsa-mir-3611,Mitomycin C
hsa-mir-1224,Tamoxifen
hsa-mir-525,Dibenziodolium
hsa-mir-611,Docetaxel
hsa-mir-128-1,Epirubicin
hsa-mir-3154,Gefitinib
hsa-mir-582,Doxycycline
hsa-mir-107,Dibenziodolium
hsa-mir-331,Erlotinib
hsa-mir-582,Epothilone B
hsa-mir-30d,Bortezomib
hsa-mir-422a,Anastrozole
hsa-mir-193b,Exemestane
hsa-mir-504,Prednisone (R-CHOP)
hsa-mir-4448,Decitabine
rno-mir-301a,Celastrol
hsa-mir-676,Hydrogen Peroxide (H2O2)
hsa-mir-6134,Trichostatin A
hsa-mir-519e,AG014699
hsa-mir-3074,Teniposide
hsa-mir-1255a,Vinorelbine
hsa-mir-3150b,Tetrahydropalmatine
hsa-mir-4478,U0126
hsa-mir-520e,AGRO100
hsa-mir-4664,Anastrozole
hsa-mir-651,Trastuzumab
hsa-mir-223,Cyclopamine
hsa-mir-519e,Daunorubicin
hsa-mir-924,Etoposide
hsa-mir-501,Nutlin
hsa-mir-381,Gefitinib
hsa-mir-4426,Nutlin
hsa-mir-361,Topotecan
hsa-mir-376c,Docetaxel
hsa-mir-758,Pirarubicin
hsa-mir-132,ABT-263 (navitoclax)
hsa-mir-30c-1,Vemurafenib
hsa-mir-500a,Epirubicin
hsa-mir-4485,Staurosporine
hsa-mir-490,Celastrol
hsa-mir-3178,Daunorubicin
hsa-mir-889,Retinoic Acid
hsa-mir-4713,10-Hydroxycamptothecin (HCPT)
hsa-mir-199b,Sirolimus
hsa-mir-513b,Neratinib
hsa-mir-16-2,Nilotinib
hsa-mir-411,ABT-737
hsa-mir-3149,Vorinostat
hsa-mir-1267,Rituximab
hsa-mir-769,Homoharringtonine
hsa-mir-433,Staurosporine
hsa-mir-4483,Camptothecin
hsa-mir-26b,Hydroxyurea
hsa-mir-887,U0126
hsa-mir-7-3,Cisplatin
hsa-mir-9-1,RAWQ01 (Ruthenium)
mmu-mir-703,Exemestane
hsa-mir-320d-1,Rituximab
hsa-mir-592,Vincristine
hsa-mir-630,Cyclopamine
hsa-mir-298,Vemurafenib
hsa-mir-4787,Capsaicin
hsa-mir-885,Carmustine
hsa-mir-329-1,Epigallocatechin Gallate
hsa-mir-29b-1,Sunitinib
hsa-mir-770,Nilotinib
hsa-mir-1292,Cytarabine
hsa-mir-4487,Bleomicin
rno-mir-93,Daunorubicin
hsa-mir-3195,Hydroxyurea
hsa-mir-1256,Verapamil
hsa-mir-1255a,Erlotinib
hsa-mir-4711,Neratinib
hsa-mir-382,Levetiracetam(LEV)
hsa-mir-572,Pemetrexed
hsa-mir-4478,Cisplatin
hsa-mir-3131,Nutlin
hsa-mir-760,Cyclopamine
hsa-mir-1260b,10-Hydroxycamptothecin (HCPT)
hsa-mir-342,Trastuzumab
hsa-mir-492,Sunitinib
hsa-mir-1228,Docetaxel
hsa-mir-513b,Verapamil
hsa-mir-1323,Bleomicin
hsa-mir-513a-1,Epirubicin HCl
hsa-mir-568,Trichostatin A
hsa-mir-212,Capecitabine
hsa-mir-490,Epothilone B
hsa-mir-2861,Cisplatin
hsa-mir-4687,Tamoxifen
hsa-mir-4530,Sorafenib
hsa-mir-433,RAWQ01 (Ruthenium)
hsa-mir-3682,Oxaliplatin
hsa-mir-653,Vinblastine
hsa-mir-330,Mitoxantrone
hsa-mir-611,Mitoxantrone
hsa-mir-576,Methotrexate
hsa-mir-147a,Imatinib
hsa-mir-3147,Fulvestrant
hsa-mir-302c,Cytarabine
hsa-mir-1224,Dibenziodolium
hsa-mir-4725,Crizotinib
hsa-mir-10a,Pirarubicin
hsa-mir-603,Clopidogrel
hsa-mir-555,Levetiracetam(LEV)
hsa-mir-4487,Pemetrexed
hsa-mir-3164,Erlotinib
hsa-mir-361,Selumetinib
hsa-mir-497,Doxycycline
hsa-mir-541,Prednisolone
hsa-let-7g,Capecitabine
hsa-mir-135b,Paroxetine
hsa-mir-4447,Tamoxifen
hsa-mir-210,Pirarubicin
hsa-mir-4430,Carboplatin
hsa-mir-190b,Lapatinib
hsa-mir-4430,Levetiracetam(LEV)
hsa-mir-3622a,Arsenic Trioxide
hsa-mir-4448,Vemurafenib
hsa-mir-302a,Homoharringtonine
hsa-mir-20b,Trastuzumab
hsa-mir-625,ABT-263 (navitoclax)
hsa-mir-1908,DAPT (GSI-IX)
hsa-mir-186,Homoharringtonine
hsa-mir-1910,Rituximab
hsa-mir-380,Rituximab
hsa-mir-1303,Nutlin
hsa-mir-4476,Dexamethasone
hsa-mir-636,Paclitaxel
hsa-mir-1178,PD-0325901
hsa-mir-92a-2,Cyclopamine
hsa-mir-1207,5-Fluorouracil
hsa-mir-302d,Mitomycin C
hsa-mir-373,Vincristine
hsa-mir-3611,Dexamethasone
hsa-mir-3910-1,Topotecan
hsa-mir-500a,Bleomicin
hsa-mir-495,RAWQ01 (Ruthenium)
hsa-mir-489,Methylmethcathinone
hsa-mir-1307,Pirarubicin
hsa-mir-1269b,Capecitabine
hsa-mir-708,Celastrol
hsa-mir-635,Sunitinib
hsa-mir-939,Vemurafenib
hsa-mir-181c,Dibenziodolium
hsa-mir-4695,Doxorubicin (Adriamycin)
hsa-mir-342,Neratinib
hsa-mir-4640,Dihydrotestosterone
hsa-mir-765,Dexamethasone
rno-mir-301a,Sunitinib
hsa-mir-4640,PLX4720
hsa-mir-4725,Epirubicin HCl
hsa-mir-1265,PD-0325901
hsa-mir-211,Teniposide
hsa-mir-1256,Selumetinib
hsa-mir-1228,Dexamethasone
hsa-mir-4650-1,Daunorubicin
hsa-mir-518f,Epoxomicin
hsa-mir-196a-1,Paroxetine
hsa-mir-3184,Teniposide
hsa-mir-744,Trastuzumab
hsa-let-7g,Staurosporine
hsa-mir-542,DAPT (GSI-IX)
hsa-mir-490,Prednisolone
hsa-mir-148b,ABT-737
hsa-mir-92a-2,Sorafenib
hsa-mir-548b,Sorafenib
hsa-mir-613,RAWQ01 (Ruthenium)
hsa-mir-652,Fludarabine
hsa-mir-4289,Cetuximab
hsa-mir-3194,Doxorubicin (Adriamycin)
hsa-mir-382,Prednisone (R-CHOP)
hsa-mir-106a,Ribavirin
hsa-mir-555,Ribavirin
hsa-mir-639,Bortezomib
hsa-mir-135a-1,Mitoxantrone
hsa-mir-145,Lapatinib
hsa-mir-29c,Sorafenib
hsa-mir-4426,PD-0325901
hsa-mir-299,Mafosfamide
hsa-mir-571,Vinblastine
hsa-mir-3168,Sorafenib
hsa-mir-194-1,Dasatinib
hsa-mir-1250,Imatinib
hsa-mir-24-2,Dihydrotestosterone
hsa-mir-3184,Carmustine
hsa-mir-532,PLX4720
hsa-let-7f-2,Bortezomib
hsa-mir-3654,Homoharringtonine
hsa-mir-190b,Curcumin
hsa-mir-512-1,5-Fluorouracil
hsa-mir-27b,Clopidogrel
hsa-mir-1296,Camptothecin
hsa-mir-762,Carmustine
hsa-mir-30b,Hydrogen Peroxide (H2O2)
hsa-mir-10b,Pemetrexed
hsa-mir-4484,Camptothecin
hsa-mir-197,Cytarabine
hsa-mir-124-1,Carfilzomib
hsa-mir-496,Staurosporine
hsa-mir-4483,PD-0325901
hsa-mir-128-1,Lapatinib
hsa-mir-4640,Teniposide
hsa-mir-29a,Teniposide
hsa-mir-361,Temozolomide
hsa-mir-138-1,Betulinic Acid
hsa-mir-3184,Lapatinib
hsa-mir-98,Carmustine
hsa-let-7f-2,Sunitinib
hsa-mir-1321,Vincristine
hsa-mir-302b,Temozolomide
hsa-mir-1307,Paroxetine
hsa-mir-3185,Mitomycin C
rno-mir-301a,Retinoic Acid
hsa-mir-4669,Selumetinib
hsa-mir-585,Trichostatin A
hsa-mir-1271,Nutlin
hsa-mir-100,Trichostatin A
hsa-mir-558,Dibenziodolium
hsa-mir-33a,Tamoxifen
hsa-mir-27a,Vinorelbine
hsa-mir-422a,Cyclophosphamide
hsa-mir-6134,Trastuzumab
hsa-mir-154,Trastuzumab
hsa-mir-1264,PU-H71
hsa-mir-422a,Selumetinib
hsa-mir-1291,Capecitabine
hsa-mir-22,Prednisolone
hsa-mir-4675,Vemurafenib
hsa-mir-4788,Gefitinib
hsa-mir-633,Staurosporine
hsa-mir-3188,Pemetrexed
hsa-mir-200a,Dibenziodolium
hsa-mir-202,Cyclopamine
hsa-mir-4315-1,Tetrahydropalmatine
hsa-mir-659,Epothilone B
hsa-mir-378c,Cyclophosphamide
hsa-mir-2277,Dibenziodolium
hsa-mir-335,Lapatinib
hsa-mir-1226,ABT-737
hsa-mir-219a-1,Epirubicin HCl
hsa-mir-4426,Camptothecin
hsa-mir-188,Mafosfamide
hsa-mir-4707,Clopidogrel
hsa-mir-130b,Retinoic Acid
hsa-mir-188,Rituximab
hsa-mir-602,Levetiracetam(LEV)
hsa-mir-190b,Arsenic Trioxide
hsa-mir-3150b,Staurosporine
hsa-mir-4674,ABT-263 (navitoclax)
hsa-mir-1-1,Dasatinib
hsa-mir-34a,Ribavirin
hsa-mir-3144,Fludarabine
hsa-mir-590,Methylmethcathinone
hsa-mir-605,DAPT (GSI-IX)
hsa-mir-1256,Doxycycline
hsa-mir-1273c,Neratinib
hsa-mir-25,Carfilzomib
hsa-mir-124-1,Homoharringtonine
hsa-mir-586,Epirubicin
hsa-mir-205,Olaparib
hsa-mir-186,Epothilone B
hsa-mir-27a,Doxycycline
hsa-mir-32,Methylmethcathinone
hsa-mir-616,Imatinib
hsa-mir-15a,Retinoic Acid
hsa-mir-339,Temozolomide
rno-mir-301a,Genistein
hsa-mir-1182,Homoharringtonine
hsa-mir-935,Pemetrexed
hsa-mir-7-1,Letrozole
hsa-mir-513c,Epothilone B
hsa-mir-616,Betulinic Acid
hsa-mir-513b,Pemetrexed
hsa-mir-493,Curcumin
hsa-mir-4426,Mitoxantrone
hsa-mir-3940,Fulvestrant
hsa-mir-1973,Trastuzumab
hsa-mir-598,Exemestane
hsa-mir-501,Tamoxifen
hsa-mir-93,Crizotinib
hsa-mir-1260a,Trastuzumab
hsa-mir-539,Levetiracetam(LEV)
hsa-mir-587,Letrozole
hsa-mir-3127,Epigallocatechin Gallate
hsa-mir-608,Fludarabine
hsa-mir-561,Nilotinib
hsa-mir-30d,Tamoxifen
hsa-mir-944,Bleomicin
hsa-mir-2116,RAWQ01 (Ruthenium)
hsa-mir-93,Topotecan
hsa-mir-1270,Levetiracetam(LEV)
hsa-mir-1271,Mitoxantrone
hsa-mir-34c,Cyclophosphamide
hsa-mir-1179,Arsenic Trioxide
hsa-mir-625,Pirarubicin
hsa-mir-1257,Daunorubicin
hsa-mir-1181,AGRO100
hsa-mir-301a,Cyclophosphamide
hsa-mir-4467,Levetiracetam(LEV)
hsa-mir-3188,Letrozole
hsa-mir-501,Homoharringtonine
hsa-mir-192,Nilotinib
hsa-mir-1236,Cisplatin
hsa-mir-29b-2,Genistein
hsa-mir-301b,Neratinib
hsa-mir-454,Carmustine
hsa-mir-489,Tanespimycin
hsa-mir-1267,Mitomycin C
hsa-mir-4644,Fludarabine
hsa-mir-4750,Docetaxel
hsa-mir-626,Paclitaxel
hsa-mir-1229,Capsaicin
hsa-mir-520c,Hydrogen Peroxide (H2O2)
hsa-mir-20b,Bleomicin
hsa-mir-499a,Methylmethcathinone
hsa-mir-95,RAWQ01 (Ruthenium)
hsa-mir-373,Vinblastine
hsa-mir-1256,PD-0325901
hsa-mir-1179,U0126
hsa-mir-614,Epirubicin HCl
hsa-mir-485,Tanespimycin
hsa-mir-524,Vorinostat
hsa-mir-664a,Crizotinib
hsa-mir-649,PU-H71
hsa-mir-1269b,Cyclophosphamide
hsa-mir-15a,Homoharringtonine
hsa-mir-636,Vincristine
hsa-mir-1204,Dibenziodolium
hsa-mir-4678,Hydroxyurea
hsa-mir-199a-1,Crizotinib
hsa-mir-548d-1,Crizotinib
hsa-mir-93,Dihydrotestosterone
hsa-mir-612,Cyclopamine
hsa-mir-452,Dihydrotestosterone
hsa-mir-371b,10-Hydroxycamptothecin (HCPT)
hsa-mir-1265,Paroxetine
hsa-mir-181a-2,Olaparib
hsa-mir-466,Retinoic Acid
hsa-mir-568,Epirubicin
hsa-mir-766,Cetuximab
hsa-mir-26b,Fulvestrant
hsa-mir-3173,Selumetinib
hsa-mir-449a,Carfilzomib
hsa-mir-492,Neratinib
hsa-mir-613,Staurosporine
hsa-mir-647,Mitomycin C
hsa-mir-26a-1,Epigallocatechin Gallate
hsa-mir-889,Clopidogrel
rno-mir-301a,Etoposide
hsa-mir-139,Mitomycin C
hsa-mir-181a-1,Olaparib
hsa-mir-181c,Fulvestrant
hsa-mir-606,Gemcitabine
hsa-mir-645,Hydrogen Peroxide (H2O2)
hsa-mir-378d-1,AGRO100
hsa-mir-561,Tamoxifen
hsa-mir-597,Staurosporine
hsa-mir-557,Dihydrotestosterone
hsa-mir-616,Vemurafenib
hsa-mir-130a,Exemestane
hsa-mir-497,DAPT (GSI-IX)
hsa-mir-2682,Daunorubicin
hsa-mir-320c-1,Selumetinib
hsa-mir-519d,Hydroxyurea
hsa-mir-448,Celastrol
hsa-mir-432,Trastuzumab
hsa-mir-4448,Sorafenib
hsa-mir-4516,PD-0325901
hsa-mir-938,Epirubicin
hsa-mir-141,Epirubicin HCl
hsa-mir-3198-1,Melphalan
hsa-mir-483,Ribavirin
hsa-mir-219a-1,Camptothecin
hsa-mir-320a,Methylmethcathinone
hsa-mir-1281,Temozolomide
hsa-mir-1237,Sorafenib
hsa-mir-200b,Neratinib
hsa-mir-636,Carboplatin
hsa-mir-483,Carfilzomib
hsa-mir-1255a,Temozolomide
hsa-mir-542,Selumetinib
hsa-mir-217,Dibenziodolium
hsa-mir-1247,Sorafenib
hsa-mir-1238,PLX4720
hsa-mir-455,Ixazomib
hsa-mir-4467,Carboplatin
hsa-mir-4791,Sorafenib
hsa-mir-27b,Curcumin
hsa-mir-152,ABT-263 (navitoclax)
hsa-mir-328,Docetaxel
hsa-mir-1249,Tanespimycin
hsa-mir-548a-2,Cisplatin
hsa-mir-520f,Epirubicin
hsa-mir-597,Ribavirin
hsa-mir-20a,Prednisolone
hsa-mir-4427,Nilotinib
hsa-mir-3074,Staurosporine
hsa-mir-631,Carmustine
hsa-mir-198,Ixazomib
hsa-mir-1911,Mitoxantrone
hsa-mir-1307,ABT-737
hsa-mir-485,Gemcitabine
hsa-mir-3154,Verapamil
hsa-mir-3130-1,Epirubicin HCl
hsa-mir-214,Epoxomicin
hsa-mir-891a,Clopidogrel
hsa-mir-124-1,Fludarabine
hsa-mir-103a-1,Nutlin
hsa-mir-1321,Letrozole
hsa-mir-2277,Dexamethasone
hsa-mir-212,AG014699
hsa-mir-92a-2,Capsaicin
hsa-mir-944,Cyclophosphamide
hsa-mir-661,Staurosporine
hsa-mir-643,Hydrogen Peroxide (H2O2)
hsa-mir-639,Exemestane
hsa-mir-1972-1,PU-H71
hsa-mir-1269a,AG014699
hsa-mir-1973,Bortezomib
hsa-mir-1307,Decitabine
hsa-mir-148a,Hydroxyurea
hsa-mir-1257,Gemcitabine
hsa-mir-1261,Docetaxel
hsa-mir-518c,Camptothecin
hsa-mir-873,ABT-263 (navitoclax)
hsa-mir-4286,Oxaliplatin
hsa-mir-3200,Carfilzomib
hsa-mir-518a-1,U0126
hsa-mir-1267,Epigallocatechin Gallate
hsa-mir-657,Letrozole
hsa-mir-663b,Vorinostat
hsa-mir-378i,Betulinic Acid
hsa-mir-135a-1,Anastrozole
hsa-mir-431,Sorafenib
hsa-mir-7-3,Prednisone (R-CHOP)
hsa-mir-1973,Sirolimus
hsa-mir-4731,Methylmethcathinone
hsa-mir-3679,Vinorelbine
hsa-mir-93,Hydrogen Peroxide (H2O2)
hsa-mir-1257,Cisplatin
hsa-mir-1911,PD-0325901
hsa-mir-23a,Trichostatin A
hsa-mir-1343,Docetaxel
hsa-mir-658,Nutlin
hsa-mir-1228,PU-H71
hsa-mir-3146,Doxorubicin (Adriamycin)
hsa-mir-138-1,Pemetrexed
hsa-mir-378c,Dexamethasone
hsa-mir-135b,Pemetrexed
hsa-mir-210,Hydrogen Peroxide (H2O2)
hsa-mir-1228,Dibenziodolium
hsa-mir-875,Verapamil
hsa-let-7i,Vorinostat
hsa-let-7g,Decitabine
hsa-mir-200c,Trichostatin A
hsa-mir-584,Crizotinib
hsa-mir-4466,Rituximab
hsa-mir-639,Capsaicin
hsa-mir-4467,PD-0325901
hsa-mir-4713,PLX4720
hsa-mir-300,Trichostatin A
hsa-mir-548d-1,Capsaicin
hsa-mir-495,Sorafenib
hsa-mir-4653,10-Hydroxycamptothecin (HCPT)
hsa-mir-875,Nilotinib
hsa-mir-3194,Prednisolone
hsa-mir-1290,Dasatinib
hsa-mir-3154,Cyclophosphamide
hsa-mir-762,Pemetrexed
hsa-mir-105-1,Fludarabine
hsa-mir-657,Temozolomide
hsa-mir-33a,ABT-263 (navitoclax)
hsa-mir-3654,Betulinic Acid
hsa-mir-106a,Prednisolone
hsa-mir-891a,Methylmethcathinone
hsa-mir-149,Hydroxyurea
hsa-mir-4722,PD-0325901
hsa-mir-631,Epigallocatechin Gallate
hsa-mir-4758,ABT-737
hsa-mir-29a,DAPT (GSI-IX)
hsa-mir-378i,Neratinib
hsa-mir-181c,Lapatinib
hsa-mir-4646,Hydroxyurea
hsa-mir-370,Dasatinib
hsa-mir-3130-1,Celastrol
hsa-mir-3960,Carmustine
hsa-mir-3144,Tetrahydropalmatine
hsa-mir-920,Tamoxifen
hsa-mir-933,Ribavirin
hsa-mir-577,Paroxetine
hsa-mir-3620,Temozolomide
hsa-mir-382,Rituximab
hsa-mir-885,Dexamethasone
hsa-mir-548c,Vinblastine
hsa-mir-1250,10-Hydroxycamptothecin (HCPT)
hsa-mir-141,Etoposide
hsa-mir-26b,Sirolimus
hsa-mir-135a-1,Paroxetine
hsa-let-7a-1,Mafosfamide
hsa-mir-2278,PU-H71
hsa-mir-193a,Imatinib
hsa-mir-1267,Teniposide
hsa-mir-21,Mitoxantrone
hsa-mir-25,Melphalan
hsa-mir-378d-1,Letrozole
hsa-mir-378f,PD-0325901
hsa-mir-518f,Prednisone (R-CHOP)
hsa-mir-933,Epothilone B
hsa-mir-598,Cyclophosphamide
hsa-mir-323a,Celastrol
hsa-mir-4646,Anastrozole
hsa-mir-642a,Bortezomib
hsa-mir-4687,Clopidogrel
hsa-mir-320c-1,Vincristine
hsa-mir-383,Epothilone B
