hsa-mir-4483,AAAAAACAACAUACUUAGUGCAUACCCAUAUAAUAUUAGGGGUGGUCUGUUGUUGUUUUUCU
hsa-mir-320c-1,AAAAAUGAGGCCUUCUCUUCCCAGUUCUUCCCAGAGUCAGGAAAAGCUGGGUUGAGAGGGUAGAAAAAAAAU
hsa-mir-4476,AAAAGCCUGUCCCUAAGUCCCUCCCAGCCUUCCAGAGUUGGUGCCAGGAAGGAUUUAGGGACAGGCUUUG
hsa-mir-376c,AAAAGGUGGAUAUUCCUUCUAUGUUUAUGUUAUUUAUGGUUAAACAUAGAGGAAAUUCCACGUUUU
hsa-mir-611,AAAAUGGUGAGAGCGUUGAGGGGAGUUCCAGACGGAGAUGCGAGGACCCCUCGGGGUCUGACCCACA
hsa-mir-320d-1,AAAAUGUUGGCCUUCUCGUCCCAGUUCUUCCCAAAGUUGAGAAAAGCUGGGUUGAGAGGAUGAAAAGAAAAA
hsa-mir-548d-1,AAACAAGUUAUAUUAGGUUGGUGCAAAAGUAAUUGUGGUUUUUGCCUGUAAAAGUAAUGGCAAAAACCACAGUUUCUUUUGCACCAGACUAAUAAAG
hsa-mir-1304,AAACACUUGAGCCCAGCGGUUUGAGGCUACAGUGAGAUGUGAUCCUGCCACAUCUCACUGUAGCCUCGAACCCCUGGGCUCAAGUGAUUCA
hsa-mir-634,AAACCCACACCACUGCAUUUUGGCCAUCGAGGGUUGGGGCUUGGUGUCAUGCCCCAAGAUAACCAGCACCCCAACUUUGGACAGCAUGGAUUAGUCU
hsa-mir-450a-1,AAACGAUACUAAACUGUUUUUGCGAUGUGUUCCUAAUAUGCACUAUAAAUAUAUUGGGAACAUUUUGCAUGUAUAGUUUUGUAUCAAUAUA
hsa-mir-205,AAAGAUCCUCAGACAAUCCAUGUGCUUCUCUUGUCCUUCAUUCCACCGGAGUCUGUCUCAUACCCAACCAGAUUUCAGUGGAGUGAAGUUCAGGAGGCAUGGAGCUGACA
hsa-mir-4711,AAAUGUGCAUCAGGCCAGAAGACAUGAGCCCUUUGGAAAGGUCUCGUGUCUUCUGGCUUGAUGCACAUUU
hsa-mir-95,AACACAGUGGGCACUCAAUAAAUGUCUGUUGAAUUGAAAUGCGUUACAUUCAACGGGUAUUUAUUGAGCACCCACUCUGUG
hsa-mir-514a-1,AACAUGUUGUCUGUGGUACCCUACUCUGGAGAGUGACAAUCAUGUAUAAUUAAAUUUGAUUGACACUUCUGUGAGUAGAGUAACGCAUGACACGUACG
hsa-mir-498,AACCCUCCUUGGGAAGUGAAGCUCAGGCUGUGAUUUCAAGCCAGGGGGCGUUUUUCUAUAACUGGAUGAAAAGCACCUCCAGAGCUUGAAGCUCACAGUUUGAGAGCAAUCGUCUAAGGAAGUU
hsa-mir-633,AACCUCUCUUAGCCUCUGUUUCUUUAUUGCGGUAGAUACUAUUAACCUAAAAUGAGAAGGCUAAUAGUAUCUACCACAAUAAAAUUGUUGUGAGGAUA
hsa-mir-3144,AACUACACUUUAAGGGGACCAAAGAGAUAUAUAGAUAUCAGCUACCUAUAUACCUGUUCGGUCUCUUUAAAGUGUAGUU
hsa-mir-655,AACUAUGCAAGGAUAUUUGAGGAGAGGUUAUCCGUGUUAUGUUCGCUUCAUUCAUCAUGAAUAAUACAUGGUUAACCUCUUUUUGAAUAUCAGACUC
hsa-mir-708,AACUGCCCUCAAGGAGCUUACAAUCUAGCUGGGGGUAAAUGACUUGCACAUGAACACAACUAGACUGUGAGCUUCUAGAGGGCAGGGA
hsa-mir-4535,AACUGGGUCCCAGUCUUCACAGUUGGUUUCUGACACGUGGACCUGGCUGGGACGAUGUG
hsa-mir-630,AACUUAACAUCAUGCUACCUCUUUGUAUCAUAUUUUGUUAUUCUGGUCACAGAAUGACCUAGUAUUCUGUACCAGGGAAGGUAGUUCUUAACUAUAU
hsa-mir-299,AAGAAAUGGUUUACCGUCCCACAUACAUUUUGAAUAUGUAUGUGGGAUGGUAAACCGCUUCUU
hsa-mir-3168,AAGAUCAUGAGUUCUACAGUCAGACAGCCUGAGUUGGAGGCUCAUCUUCACUUCUUGCUGUGUGACCCUGGGCCAGUGACUU
hsa-mir-380,AAGAUGGUUGACCAUAGAACAUGCGCUAUCUCUGUGUCGUAUGUAAUAUGGUCCACAUCUU
hsa-mir-3184,AAGCAAGACUGAGGGGCCUCAGACCGAGCUUUUGGAAAAUAGAAAAGUCUCGCUCUCUGCCCCUCAGCCUAACUU
hsa-mir-4473,AAGGAACAGGGGACACUUGUAAUGGAGAACACUAAGCUAUGGACUGCUAUGGACUGCUAGUGCUCUCCGUUACAAGUAUCCCCUGUUACCU
hsa-mir-3622a,AAUAGAGGGUGCACAGGCACGGGAGCUCAGGUGAGGCAGGGAGCUGAGCUCACCUGACCUCCCAUGCCUGUGCACCCUCUAUU
hsa-mir-924,AAUAGAGUCUUGUGAUGUCUUGCUUAAGGGCCAUCCAACCUAGAGUCUACAAC
hsa-mir-4463,AAUAGAUUAUUGGUCACCACCUCCAGUUUCUGAAUUUGUGAGACUGGGGUGGGGCCUGAGAAUUUGC
hsa-mir-147a,AAUCUAAAGACAACAUUUCUGCACACACACCAGACUAUGGAAGCCAGUGUGUGGAAAUGCUUCUGCUAGAUU
hsa-mir-651,AAUCUAUCACUGCUUUUUAGGAUAAGCUUGACUUUUGUUCAAAUAAAAAUGCAAAAGGAAAGUGUAUCCUAAAAGGCAAUGACAGUUUAAUGUGUUU
hsa-mir-4788,AAUGAAGGAUUACGGACCAGCUAAGGGAGGCAUUAGGAUCCUUAUUCUUGCCUCCCUUAGUUGGUCCCUAAUCCUUCGUU
hsa-mir-624,AAUGCUGUUUCAAGGUAGUACCAGUACCUUGUGUUCAGUGGAACCAAGGUAAACACAAGGUAUUGGUAUUACCUUGAGAUAGCAUUACACCUAAGUG
hsa-mir-133a-1,ACAAUGCUUUGCUAGAGCUGGUAAAAUGGAACCAAAUCGCCUCUUCAAUGGAUUUGGUCCCCUUCAACCAGCUGUAGCUAUGCAUUGA
hsa-mir-374c,ACACGGACAAUGAUAAUACAACCUGCUAAGUGCUAGGACACUUAGCAGGUUGUAUUAUAUCCAUCCGAGU
hsa-mir-3674,ACAUCACUAUUGUAGAACCUAAGAUUGGCCGUUUGAGAUGUCCUUUCAAGUUUUUGCAUUUCUGAUGU
hsa-mir-1321,ACAUUAUGAAGCAAGUAUUAUUAUCCCUGUUUUACAAAUAAGGAAAUAAACUCAGGGAGGUGAAUGUGAUCAAAGAUAG
hsa-mir-643,ACCAAGUGAUAUUCAUUGUCUACCUGAGCUAGAAUACAAGUAGUUGGCGUCUUCAGAGACACUUGUAUGCUAGCUCAGGUAGAUAUUGAAUGAAAAA
hsa-mir-30b,ACCAAGUUUCAGUUCAUGUAAACAUCCUACACUCAGCUGUAAUACAUGGAUUGGCUGGGAGGUGGAUGUUUACUUCAGCUGACUUGGA
hsa-mir-30c-1,ACCAUGCUGUAGUGUGUGUAAACAUCCUACACUCUCAGCUGUGAGCUCAAGGUGGCUGGGAGAGGGUUGUUUACUCCUUCUGCCAUGGA
hsa-mir-345,ACCCAAACCCUAGGUCUGCUGACUCCUAGUCCAGGGCUCGUGAUGGCUGGUGGGCCCUGAACGAGGGGUCUGGAGGCCUGGGUUUGAAUAUCGACAGC
hsa-mir-210,ACCCGGCAGUGCCUCCAGGCGCAGGGCAGCCCCUGCCCACCGCACACUGCGCUGCCCCAGACCCACUGUGCGUGUGACAGCGGCUGAUCUGUGCCUGGGCAGCGCGACCC
hsa-mir-365a,ACCGCAGGGAAAAUGAGGGACUUUUGGGGGCAGAUGUGUUUCCAUUCCACUAUCAUAAUGCCCCUAAAAAUCCUUAUUGCUCUUGCA
hsa-mir-1296,ACCUACCUAACUGGGUUAGGGCCCUGGCUCCAUCUCCUUUAGGAAAACCUUCUGUGGGGAGUGGGGCUUCGACCCUAACCCAGGUGGGCUGU
hsa-mir-1277,ACCUCCCAAAUAUAUAUAUAUAUGUACGUAUGUGUAUAUAAAUGUAUACGUAGAUAUAUAUGUAUUUUUGGUGGGUUU
hsa-mir-4497,ACCUCCGGGACGGCUGGGCGCCGGCGGCCGGGAGAUCCGCGCUUCCUGAAUCCCGGCCGGCCCGCCCGGCGCCCGUCCGCCCGCGGGUC
hsa-mir-1204,ACCUCGUGGCCUGGUCUCCAUUAUUUGAGAUGAGUUACAUCUUGGAGGUGAGGACGUGCCUCGUGGU
hsa-mir-1913,ACCUCUACCUCCCGGCAGAGGAGGCUGCAGAGGCUGGCUUUCCAAAACUCUGCCCCCUCCGCUGCUGCCAAGUGGCUGGU
hsa-mir-27b,ACCUCUCUAACAAGGUGCAGAGCUUAGCUGAUUGGUGAACAGUGAUUGGUUUCCGCUUUGUUCACAGUGGCUAAGUUCUGCACCUGAAGAGAAGGUG
hsa-mir-4687,ACCUGAGGAGCCAGCCCUCCUCCCGCACCCAAACUUGGAGCACUUGACCUUUGGCUGUUGGAGGGGGCAGGCUCGCGGGU
hsa-mir-2682,ACCUUCCUGAAAGAGGUUGGGGCAGGCAGUGACUGUUCAGACGUCCAAUCUCUUUGGGACGCCUCUUCAGCGCUGUCUUCCCUGCCUCUGCCUUUAGGACGAGUCUCAAA
hsa-mir-1260a,ACCUUUCCAGCUCAUCCCACCUCUGCCACCAAAACACUCAUCGCGGGGUCAGAGGGAGUGCCAAAAAAGGUAA
hsa-mir-652,ACGAAUGGCUAUGCACUGCACAACCCUAGGAGAGGGUGCCAUUCACAUAGACUAUAAUUGAAUGGCGCCACUAGGGUUGUGCAGUGCACAACCUACAC
hsa-mir-4258,ACGCCCCCCGCCCCGCCACCGCCUUGGAGGCUGACCUCUUACUUUCGGUCGGUCUUCUUCCCUGGGCUUGGUUUGGGGGCGGGGGAGUGUC
hsa-mir-4466,ACGCGGGUGCGGGCCGGCGGGGUAGAAGCCACCCGGCCCGGCCCGGCCCGGCGA
hsa-mir-595,ACGGAAGCCUGCACGCAUUUAACACCAGCACGCUCAAUGUAGUCUUGUAAGGAACAGGUUGAAGUGUGCCGUGGUGUGUCUGGAGGAAGCGCCUGU
hsa-mir-3619,ACGGCAUCUUUGCACUCAGCAGGCAGGCUGGUGCAGCCCGUGGUGGGGGACCAUCCUGCCUGCUGUGGGGUAAGGACGGCUGU
hsa-mir-541,ACGUCAGGGAAAGGAUUCUGCUGUCGGUCCCACUCCAAAGUUCACAGAAUGGGUGGUGGGCACAGAAUCUGGACUCUGCUUGUG
hsa-mir-921,ACUAGUGAGGGACAGAACCAGGAUUCAGACUCAGGUCCAUGGGCCUGGAUCACUGG
hsa-mir-374b,ACUCGGAUGGAUAUAAUACAACCUGCUAAGUGUCCUAGCACUUAGCAGGUUGUAUUAUCAUUGUCCGUGUCU
hsa-mir-1323,ACUGAGGUCCUCAAAACUGAGGGGCAUUUUCUGUGGUUUGAAAGGAAAGUGCACCCAGUUUUGGGGAUGUCAA
hsa-mir-626,ACUGAUAUAUUUGUCUUAUUUGAGAGCUGAGGAGUAUUUUUAUGCAAUCUGAAUGAUCUCAGCUGUCUGAAAAUGUCUUCAAUUUUAAAGGCUU
hsa-mir-301a,ACUGCUAACGAAUGCUCUGACUUUAUUGCACUACUGUACUUUACAGCUAGCAGUGCAAUAGUAUUGUCAAAGCAUCUGAAAGCAGG
hsa-mir-4646,ACUGGGAAGAGGAGCUGAGGGACAUUGCGGAGAGGGUCUCACAUUGUCCCUCUCCCUUCCCAG
hsa-mir-196b,ACUGGUCGGUGAUUUAGGUAGUUUCCUGUUGUUGGGAUCCACCUUUCUCUCGACAGCACGACACUGCCUUCAUUACUUCAGUUG
hsa-mir-4487,ACUGUCCUUCAGCCAGAGCUGGCUGAAGGGCAGAAGGGAACUGUCCUUCAGCCAGAGCUGGCUGAAGGGCAGA
hsa-mir-378d-1,ACUGUUUCUGUCCUUGUUCUUGUUGUUAUUACUGGACUUGGAGUCAGAAACAGG
hsa-mir-3681,ACUUCCAGUAGUGGAUGAUGCACUCUGUGCAGGGCCAACUGUGCACACAGUGCUUCAUCCACUACUGGAAGU
hsa-mir-1197,ACUUCCUGGUAUUUGAAGAUGCGGUUGACCAUGGUGUGUACGCUUUAUUUGUGACGUAGGACACAUGGUCUACUUCUUCUCAAUAUCA
hsa-mir-485,ACUUGGAGAGAGGCUGGCCGUGAUGAAUUCGAUUCAUCAAAGCGAGUCAUACACGGCUCUCCUCUCUUUUAGU
hsa-mir-933,ACUUGGGUCAGUUCAGAGGUCCUCGGGGCGCGCGUCGAGUCAGCCGUGUGCGCAGGGAGACCUCUCCCACCCACAGU
hsa-mir-934,AGAAAUAAGGCUUCUGUCUACUACUGGAGACACUGGUAGUAUAAAACCCAGAGUCUCCAGUAAUGGACGGGAGCCUUAUUUCU
hsa-mir-3937,AGAAGAAUGCCCAACCAGCCCUCAGUUGCUACAGUUCCCUGUUGUUUCAGCUCGACAACAACAGGCGGCUGUAGCAAUGGGGGGCUGGAUGGGCAUCUCAAUGUGC
hsa-mir-181a-2,AGAAGGGCUAUCAGGCCAGCCUUCAGAGGACUCCAAGGAACAUUCAACGCUGUCGGUGAGUUUGGGAUUUGAAAAAACCACUGACCGUUGACUGUACCUUGGGGUCCUUA
hsa-mir-4455,AGAAGGGUGUGUGUGUUUUUCCUGAGAAUAAGAGAAGGAAGGACAGCCAAAUUCUUCA
hsa-mir-557,AGAAUGGGCAAAUGAACAGUAAAUUUGGAGGCCUGGGGCCCUCCCUGCUGCUGGAGAAGUGUUUGCACGGGUGGGCCUUGUCUUUGAAAGGAGGUGGA
hsa-mir-370,AGACAGAGAAGCCAGGUCACGUCUCUGCAGUUACACAGCUCACGAGUGCCUGCUGGGGUGGAACCUGGUCUGUCU
hsa-mir-549a,AGACAUGCAACUCAAGAAUAUAUUGAGAGCUCAUCCAUAGUUGUCACUGUCUCAAAUCAGUGACAACUAUGGAUGAGCUCUUAAUAUAUCCCAGGC
mmu-mir-703,AGACUGGUUAAUGAUAACAAUGCAUCAUAAAACCUUCAGAAGGAAAGAAUGUUGUGGACCAUUUUUUUUUGUGUGUGGCAGUUUUAAGUUAUUAGUUUUCAAAAUCAGU
hsa-mir-622,AGAGAAGCUGGACAAGUACUGGUCUCAGCAGAUUGAGGAGAGCACCACAGUGGUCAUCACACAGUCUGCUGAGGUUGGAGCUGCUGAGAUGACACU
hsa-mir-1825,AGAGACUGGGGUGCUGGGCUCCCCUAGACUAGGACUCCAGUGCCCUCCUCUCC
hsa-mir-379,AGAGAUGGUAGACUAUGGAACGUAGGCGUUAUGAUUUCUGACCUAUGUAACAUGGUCCACUAACUCU
hsa-mir-4485,AGAGGCACCGCCUGCCCAGUGACAUGCGUUUAACGGCCGCGGUACCCUAACUGUGCA
hsa-mir-365b,AGAGUGUUCAAGGACAGCAAGAAAAAUGAGGGACUUUCAGGGGCAGCUGUGUUUUCUGACUCAGUCAUAAUGCCCCUAAAAAUCCUUAUUGUUCUUGCAGUGUGCAUCGGG
hsa-mir-578,AGAUAAAUCUAUAGACAAAAUACAAUCCCGGACAACAAGAAGCUCCUAUAGCUCCUGUAGCUUCUUGUGCUCUAGGAUUGUAUUUUGUUUAUAUAU
hsa-mir-30c-2,AGAUACUGUAAACAUCCUACACUCUCAGCUGUGGAAAGUAAGAAAGCUGGGAGAAGGCUGUUUACUCUUUCU
hsa-mir-551b,AGAUGUGCUCUCCUGGCCCAUGAAAUCAAGCGUGGGUGAGACCUGGUGCAGAACGGGAAGGCGACCCAUACUUGGUUUCAGAGGCUGUGAGAAUAA
hsa-mir-7-3,AGAUUAGAGUGGCUGUGGUCUAGUGCUGUGUGGAAGACUAGUGAUUUUGUUGUUCUGAUGUACUACGACAACAAGUCACAGCCGGCCUCAUAGCGCAGACUCCCUUCGAC
hsa-mir-563,AGCAAAGAAGUGUGUUGCCCUCUAGGAAAUGUGUGUUGCUCUGAUGUAAUUAGGUUGACAUACGUUUCCCUGGUAGCCA
hsa-mir-4297,AGCACGCACGUGCCUUCCUGUCUGUGCCUGCCUUCGAAGUGCACGGCAGGGCCAGGACGGGUCGCUGUGGGUGGGG
hsa-mir-1253,AGCAGCAAGAGAUAGAAUCCAAAAGAGAAGAAGAUCAGCCUGCAGAUGUGGACUGCUAAAUGCAGGCUGAUCUUCUCCCCUUUGGGAUUCUCUUAUGAGAAGCCA
hsa-mir-3611,AGCAGGUCUAAUAAGAAUUUCUUUUUCUUCACAAUUAUGAAAGAAAAGAAAUUGUGAAGAAAGAAAUUCUUACUAGUUUUGCU
hsa-mir-484,AGCCUCGUCAGGCUCAGUCCCCUCCCGAUAAACCCCUAAAUAGGGACUUUCCCGGGGGGUGACCCUGGCUUUUUUGGCG
hsa-mir-3186,AGCCUGCGGUUCCAACAGGCGUCUGUCUACGUGGCUUCAACCAAGUUCAAAGUCACGCGGAGAGAUGGCUUUGGAACCAGGGGCU
hsa-mir-153-2,AGCGGUGGCCAGUGUCAUUUUUGUGAUGUUGCAGCUAGUAAUAUGAGCCCAGUUGCAUAGUCACAAAAGUGAUCAUUGGAAACUGUG
hsa-mir-588,AGCUUAGGUACCAAUUUGGCCACAAUGGGUUAGAACACUAUUCCAUUGUGUUCUUACCCACCAUGGCCAAAAUUGGGCCUAAG
hsa-mir-195,AGCUUCCCUGGCUCUAGCAGCACAGAAAUAUUGGCACAGGGAAGCGAGUCUGCCAAUAUUGGCUGUGCUGCUCCAGGCAGGGUGGUG
hsa-mir-647,AGGAAGUGUUGGCCUGUGGCUGCACUCACUUCCUUCAGCCCCAGGAAGCCUUGGUCGGGGGCAGGAGGGAGGGUCAGGCAGGGCUGGGGGCCUGAC
hsa-mir-4508,AGGACCCAGCGGGGCUGGGCGCGCGGAGCAGCGCUGGGUGCAGCGCCUGCGCCGGCAGCUGCAAGGGCCG
hsa-mir-296,AGGACCCUUCCAGAGGGCCCCCCCUCAAUCCUGUUGUGCCUAAUUCAGAGGGUUGGGUGGAGGCUCUCCUGAAGGGCUCU
hsa-mir-770,AGGAGCCACCUUCCGAGCCUCCAGUACCACGUGUCAGGGCCACAUGAGCUGGGCCUCGUGGGCCUGAUGUGGUGCUGGGGCCUCAGGGGUCUGCUCUU
hsa-mir-4448,AGGAGUGACCAAAAGACAAGAGUGCGAGCCUUCUAUUAUGCCCAGACAGGGCCACCAGAGGGCUCCUUGGUCUAGGGGUAAUGCCA
hsa-mir-98,AGGAUUCUGCUCAUGCCAGGGUGAGGUAGUAAGUUGUAUUGUUGUGGGGUAGGGAUAUUAGGCCCCAAUUAGAAGAUAACUAUACAACUUACUACUUUCCCUGGUGUGUGGCAUAUUCA
hsa-mir-135a-1,AGGCCUCGCUGUUCUCUAUGGCUUUUUAUUCCUAUGUGAUUCUACUGCUCACUCAUAUAGGGAUUGGAGCCGUGGCGCACGGCGGGGACA
hsa-mir-124-1,AGGCCUCUCUCUCCGUGUUCACAGCGGACCUUGAUUUAAAUGUCCAUACAAUUAAGGCACGCGGUGAAUGCCAAGAAUGGGGCUG
hsa-let-7g,AGGCUGAGGUAGUAGUUUGUACAGUUUGAGGGUCUAUGAUACCACCCGGUACAGGAGAUAACUGUACAGGCCACUGCCUUGCCA
ebv-mir-BART16,AGGCUUUCAGGUGUGGAAUUUAGAUAGAGUGGGUGUGUGCUCUUGUUUAAUUACACCAAGAUCACCACCCUCUAUCCAUAUCCCACAAUUGAUAAACCU
hsa-mir-4516,AGGGAGAAGGGUCGGGGCAGGGAGGGCAGGGCAGGCUCUGGGGUGGGGGGUCUGUGAGUCAGCCACGGCUCUGCCCACGUCUCCCC
hsa-mir-378a,AGGGCUCCUGACUCCAGGUCCUGUGUGUUACCUAGAAAUAGCACUGGACUUGGAGUCAGAAGGCCU
hsa-mir-1281,AGGGGGCACCGGGAGGAGGUGAGUGUCUCUUGUCGCCUCCUCCUCUCCCCCCUU
hsa-mir-185,AGGGGGCGAGGGAUUGGAGAGAAAGGCAGUUCCUGAUGGUCCCCUCCCCAGGGGCUGGCUUUCCUCUGGUCCUUCCCUCCCA
hsa-mir-625,AGGGUAGAGGGAUGAGGGGGAAAGUUCUAUAGUCCUGUAAUUAGAUCUCAGGACUAUAGAACUUUCCCCCUCAUCCCUCUGCCCU
hsa-mir-1264,AGGUCCUCAAUAAGUAUUUGUUGAAAGAAUAAAUAAACCAACAAGUCUUAUUUGAGCACCUGUUAUGUG
hsa-mir-3194,AGGUGGCAGGGCCAGCCACCAGGAGGGCUGCGUGCCACCCGGGCAGCUCUGCUGCUCACUGGCAGUGUCACCU
hsa-let-7a-2,AGGUUGAGGUAGUAGGUUGUAUAGUUUAGAAUUACAUCAAGGGAGAUAACUGUACAGCCUCCUAGCUUUCCU
hsa-mir-1293,AGGUUGUUCUGGGUGGUCUGGAGAUUUGUGCAGCUUGUACCUGCACAAAUCUCCGGACCACUUAGUCUUUA
hsa-mir-20b,AGUACCAAAGUGCUCAUAGUGCAGGUAGUUUUGGCAUGACUCUACUGUAGUAUGGGCACUUCCAGUACU
hsa-mir-217,AGUAUAAUUAUUACAUAGUUUUUGAUGUCGCAGAUACUGCAUCAGGAACUGAUUGGAUAAGAAUCAGUCACCAUCAGUUCCUAAUGCAUUGCCUUCAGCAUCUAAACAAG
hsa-mir-1256,AGUCAGCCUGUUGAAGCUUUGAAGCUUUGAUGCCAGGCAUUGACUUCUCACUAGCUGUGAAAGUCCUAGCUAAAGAGAAGUCAAUGCAUGACAUCUUGUUUCAAUAGAUGGCUGUUUCA
rno-mir-93,AGUCAUGGGGGCUCCAAAGUGCUGUUCGUGCAGGUAGUGCAUUGCCUGACCUACUGCUGAGCUAGCACUUCCCGAGCCCCCAGGACA
hsa-mir-34c,AGUCUAGUUACUAGGCAGUGUAGUUAGCUGAUUGCUAAUAGUACCAAUCACUAACCACACGGCCAGGUAAAAAGAUU
hsa-mir-23c,AGUGACUUUCCAGGUGUCACACAGUGAGUGGCAUAAUCAGAGUACAAUUUGAGUCAUGCCCAUACAUCACAUUGCCAGUGAUUACCCAAGGAAAGUGACG
hsa-mir-4426,AGUUGGAAGAUGGACGUACUUUGUCUGACUACAAUAUUCAAAAGGAGUCUACUCUUCAUCUUG
hsa-mir-4723,AGUUGGUGGGGGAGCCAUGAGAUAAGAGCACCUCCUAGAGAAUGUUGAACUAAAGGUGCCCUCUCUGGCUCCUCCCCAAAG
hsa-mir-423,AUAAAGGAAGUUAGGCUGAGGGGCAGAGAGCGAGACUUUUCUAUUUUCCAAAAGCUCGGUCUGAGGCCCCUCAGUCUUGCUUCCUAACCCGCGC
hsa-mir-320b-1,AUAAAUUAAUCCCUCUCUUUCUAGUUCUUCCUAGAGUGAGGAAAAGCUGGGUUGAGAGGGCAAACAAAUUAA
hsa-mir-3149,AUACAUACAUGUACACACACAUGUCAUCCACACACAUACAUAUAUAUAUGUUUGUAUGGAUAUGUGUGUGUAUGUGUGUGUAU
hsa-mir-539,AUACUUGAGGAGAAAUUAUCCUUGGUGUGUUCGCUUUAUUUAUGAUGAAUCAUACAAGGACAAUUUCUUUUUGAGUAU
hsa-mir-628,AUAGCUGUUGUGUCACUUCCUCAUGCUGACAUAUUUACUAGAGGGUAAAAUUAAUAACCUUCUAGUAAGAGUGGCAGUCGAAGGGAAGGGCUCAU
hsa-mir-620,AUAUAUAUCUAUAUCUAGCUCCGUAUAUAUAUAUAUAUAUAUAUAGAUAUCUCCAUAUAUAUGGAGAUAGAUAUAGAAAUAAAACAAGCAAAGAA
hsa-mir-548m,AUAUUAGGUUGGUGCAAAGGUAUUUGUGGUUUUUGUCAUUAAAGUAAUGCAAAAGCCACAAAUACCUUUGCACCAACCUAAUAUUA
hsa-mir-648,AUCACAGACACCUCCAAGUGUGCAGGGCACUGGUGGGGGCCGGGGCAGGCCCAGCGAAAGUGCAGGACCUGGCACUUAGUCGGAAGUGAGGGUG
hsa-mir-215,AUCAUUCAGAAAUGGUAUACAGGAAAAUGACCUAUGAAUUGACAGACAAUAUAGCUGAGUUUGUCUGUCAUUUCUUUAGGCCAAUAUUCUGUAUGACUGUGCUACUUCAA
hsa-mir-29c,AUCUCUUACACAGGCUGACCGAUUUCUCCUGGUGUUCAGAGUCUGUUUUUGUCUAGCACCAUUUGAAAUCGGUUAUGAUGUAGGGGGA
hsa-mir-642a,AUCUGAGUUGGGAGGGUCCCUCUCCAAAUGUGUCUUGGGGUGGGGGAUCAAGACACAUUUGGAGAGGGAACCUCCCAACUCGGCCUCUGCCAUCAUU
hsa-mir-582,AUCUGUGCUCUUUGAUUACAGUUGUUCAACCAGUUACUAAUCUAACUAAUUGUAACUGGUUGAACAACUGAACCCAAAGGGUGCAAAGUAGAAACAUU
hsa-mir-29a,AUGACUGAUUUCUUUUGGUGUUCAGAGUCAAUAUAAUUUUCUAGCACCAUCUGAAAUCGGUUAU
hsa-mir-3126,AUGAUUAUAUGAGGGACAGAUGCCAGAAGCACUGGUUAUGAUUUGCAUCUGGCAUCCGUCACACAGAUAAUUAU
hsa-mir-4288,AUGGAGGUGGAGAGUCAUCAGCAGCACUGAGCAGGCAGUGUUGUCUGCUGAGUUUCCACGUCAUUUG
hsa-mir-922,AUGGCGUUUUCCCUCUCCCUGUCCUGGACUGGGGUCAGACUGUGCCCCGAGGAGAAGCAGCAGAGAAUAGGACUACGUCAU
hsa-mir-586,AUGGGGUAAAACCAUUAUGCAUUGUAUUUUUAGGUCCCAAUACAUGUGGGCCCUAAAAAUACAAUGCAUAAUGGUUUUUCACUCUUUAUCUUCUUAU
hsa-mir-194-1,AUGGUGUUAUCAAGUGUAACAGCAACUCCAUGUGGACUGUGUACCAAUUUCCAGUGGAGAUGCUGUUACUUUUGAUGGUUACCAA
hsa-mir-1265,AUGGUUUGGGACUCAGGAUGUGGUCAAGUGUUGUUAAGGCAUGUUCAGGAACAAUACUUGACCACAUUUUGAAUUCCAAACCAUAU
hsa-mir-942,AUUAGGAGAGUAUCUUCUCUGUUUUGGCCAUGUGUGUACUCACAGCCCCUCACACAUGGCCGAAACAGAGAAGUUACUUUCCUAAU
hsa-mir-4285,AUUAGGCGGGGCGGCGAGUCCGACUCAUAAAUAUUUUAAGGAAUGACCCGGCCCUGGGGUGCGGAAUUGCUGCGCGGGCGGGGGC
hsa-mir-1183,AUUAUUCAAAUGCUCGGAGACACAGAACAUUAGAGAAGACAGGAGUUCACUGUAGGUGAUGGUGAGAGUGGGCAUGGAGCAGGAGUGCC
hsa-mir-1255a,AUUGGAAAUCCUUUGAGUUGCUUCUCAAGGAUGAGCAAAGAAAGUAGAUUUUUUAGAUUCUAAAGAAACUAUCUUCUUUGCUCAUCCUUGAGAAGCAACUCCUUAUCCAUUAA
hsa-mir-492,CAACUACAGCCACUACUACAGGACCAUCGAGGACCUGCGGGACAAGAUUCUUGGUGCCACCAUUGAGAACGCCAGGAUUGUCCUGCAGAUCAACAAUGCUCAACUGGCUGCAGAUG
hsa-mir-148b,CAAGCACGAUUAGCAUUUGAGGUGAAGUUCUGUUAUACACUCAGGCUGUGGCUCUCUGAAAGUCAGUGCAUCACAGAACUUUGUCUCGAAAGCUUUCUA
hsa-mir-1270,CACAGAGUUAUACUGGAGAUAUGGAAGAGCUGUGUUGGGUAUAAGUAACAGGCUUUUCUUUAUCUUCUAUGUGGCUCUUUGCA
hsa-mir-1271,CACCCAGAUCAGUGCUUGGCACCUAGCAAGCACUCAGUAAAUAUUUGUUGAGUGCCUGCUAUGUGCCAGGCAUUGUGCUGAGGGCU
hsa-mir-145,CACCUUGUCCUCACGGUCCAGUUUUCCCAGGAAUCCCUUAGAUGCUAAGAUGGGGAUUCCUGGAAAUACUGUUCUUGAGGUCAUGGUU
hsa-mir-135b,CACUCUGCUGUGGCCUAUGGCUUUUCAUUCCUAUGUGAUUGCUGUCCCAAACUCAUGUAGGGCUAAAAGCCAUGGGCUACAGUGAGGGGCGAGCUCC
hsa-mir-378g,CACUGGGCUUGGAGUCAGAAGACCUGGCUCCAGCCCAGCUC
hsa-mir-19b-1,CACUGUUCUAUGGUUAGUUUUGCAGGUUUGCAUCCAGCUGUGUGAUAUUCUGCUGUGCAAAUCCAUGCAAAACUGACUGUGGUAGUG
hsa-mir-2355,CAGACGUGUCAUCCCCAGAUACAAUGGACAAUAUGCUAUUAUAAUCGUAUGGCAUUGUCCUUGCUGUUUGGAGAUAAUACUGCUGAC
hsa-mir-548b,CAGACUAUAUAUUUAGGUUGGCGCAAAAGUAAUUGUGGUUUUGGCCUUUAUUUUCAAUGGCAAGAACCUCAGUUGCUUUUGUGCCAACCUAAUACUU
hsa-mir-635,CAGAGAGGAGCUGCCACUUGGGCACUGAAACAAUGUCCAUUAGGCUUUGUUAUGGAAACUUCUCCUGAUCAUUGUUUUGUGUCCAUUGAGCUUCCAAU
hsa-mir-542,CAGAUCUCAGACAUCUCGGGGAUCAUCAUGUCACGAGAUACCAGUGUGCACUUGUGACAGAUUGAUAACUGAAAGGUCUGGGAGCCACUCAUCUUCA
hsa-mir-134,CAGGGUGUGUGACUGGUUGACCAGAGGGGCAUGCACUGUGUUCACCCUGUGGGCCACCUAGUCACCAACCCUC
hsa-mir-376b,CAGUCCUUCUUUGGUAUUUAAAACGUGGAUAUUCCUUCUAUGUUUACGUGAUUCCUGGUUAAUCAUAGAGGAAAAUCCAUGUUUUCAGUAUCAAAUGCUG
hsa-mir-3180-1,CAGUGCGACGGGCGGAGCUUCCAGACGCUCCGCCCCACGUCGCAUGCGCCCCGGGAAAGCGUGGGGCGGAGCUUCCGGAGGCCCCGCCCUGCUG
hsa-mir-650,CAGUGCUGGGGUCUCAGGAGGCAGCGCUCUCAGGACGUCACCACCAUGGCCUGGGCUCUGCUCCUCCUCACCCUCCUCACUCAGGGCACAGGUGAU
hsa-mir-1206,CAGUGUUCAUGUAGAUGUUUAAGCUCUUGCAGUAGGUUUUUGCAAGCUAGUGAACGCUG
hsa-mir-645,CAGUUCCUAACAGGCCUCAGACCAGUACCGGUCUGUGGCCUGGGGGUUGAGGACCCCUGCUCUAGGCUGGUACUGCUGAUGCUUAAAAAGAGAG
hsa-mir-4716,CAUACUUUGUCUCCAUGUUUCCUUCCCCCUUCUGUAUACAUGUAUACAGGAGGAAGGGGGAAGGAAACAUGGAGACAAAGUGUG
hsa-mir-579,CAUAUUAGGUUAAUGCAAAAGUAAUCGCGGUUUGUGCCAGAUGACGAUUUGAAUUAAUAAAUUCAUUUGGUAUAAACCGCGAUUAUUUUUGCAUCAAC
hsa-mir-1307,CAUCAAGACCCAGCUGAGUCACUGUCACUGCCUACCAAUCUCGACCGGACCUCGACCGGCUCGUCUGUGUUGCCAAUCGACUCGGCGUGGCGUCGGUCGUGGUAGAUAGGCGGUCAUGCAUACGAAUUUUCAGCUCUUGUUCUGGUGAC
hsa-mir-4675,CAUGAGAAAUCCUGCUGGUCAACCAUAGCCCUGGUCAGACUCUCCGGGGCUGUGAUUGACCAGCAGGACUUCUCAUG
hsa-mir-519b,CAUGCUGUGACCCUCUAGAGGGAAGCGCUUUCUGUUGUCUGAAAGAAAAGAAAGUGCAUCCUUUUAGAGGUUUACUGUUUG
hsa-mir-509-1,CAUGCUGUGUGUGGUACCCUACUGCAGACAGUGGCAAUCAUGUAUAAUUAAAAAUGAUUGGUACGUCUGUGGGUAGAGUACUGCAUGACACAUG
hsa-mir-4465,CAUGUGUCCCCUGGCACGCUAUUUGAGGUUUACUAUGGAACCUCAAGUAGUCUGACCAGGGGACACAUGA
hsa-mir-548c,CAUUGGCAUCUAUUAGGUUGGUGCAAAAGUAAUUGCGGUUUUUGCCAUUACUUUCAGUAGCAAAAAUCUCAAUUACUUUUGCACCAACUUAAUACUU
hsa-mir-450a-2,CCAAAGAAAGAUGCUAAACUAUUUUUGCGAUGUGUUCCUAAUAUGUAAUAUAAAUGUAUUGGGGACAUUUUGCAUUCAUAGUUUUGUAUCAAUAAUAUGG
hsa-mir-4655,CCAAGGGCACACCGGGGAUGGCAGAGGGUCGUGGGAAAGUGUUGACCCUCGUCAGGUCCCCGGGGAGCCCCUGG
hsa-mir-302a,CCACCACUUAAACGUGGAUGUACUUGCUUUGAAACUAAAGAAGUAAGUGCUUCCAUGUUUUGGUGAUGG
hsa-mir-497,CCACCCCGGUCCUGCUCCCGCCCCAGCAGCACACUGUGGUUUGUACGGCACUGUGGCCACGUCCAAACCACACUGUGGUGUUAGAGCGAGGGUGGGGGAGGCACCGCCGAGG
hsa-mir-508,CCACCUUCAGCUGAGUGUAGUGCCCUACUCCAGAGGGCGUCACUCAUGUAAACUAAAACAUGAUUGUAGCCUUUUGGAGUAGAGUAAUACACAUCACGUAACGCAUAUUUGGUGG
hsa-mir-3177,CCACGUGCCAUGUGUACACACGUGCCAGGCGCUGUCUUGAGACAUUCGCGCAGUGCACGGCACUGGGGACACGUGGCACUGG
hsa-mir-199b,CCAGAGGACACCUCCACUCCGUCUACCCAGUGUUUAGACUAUCUGUUCAGGACUCCCAAAUUGUACAGUAGUCUGCACAUUGGUUAGGCUGGGCUGGGUUAGACCCUCGG
hsa-mir-10b,CCAGAGGUUGUAACGUUGUCUAUAUAUACCCUGUAGAACCGAAUUUGUGUGGUAUCCGUAUAGUCACAGAUUCGAUUCUAGGGGAAUAUAUGGUCGAUGCAAAAACUUCA
hsa-mir-200b,CCAGCUCGGGCAGCCGUGGCCAUCUUACUGGGCAGCAUUGGAUGGAGUCAGGUCUCUAAUACUGCCUGGUAAUGAUGACGGCGGAGCCCUGCACG
hsa-mir-184,CCAGUCACGUCCCCUUAUCACUUUUCCAGCCCAGCUUUGUGACUGUAAGUGUUGGACGGAGAACUGAUAAGGGUAGGUGAUUGA
hsa-mir-367,CCAUUACUGUUGCUAAUAUGCAACUCUGUUGAAUAUAAAUUGGAAUUGCACUUUAGCAAUGGUGAUGG
hsa-mir-496,CCCAAGUCAGGUACUCGAAUGGAGGUUGUCCAUGGUGUGUUCAUUUUAUUUAUGAUGAGUAUUACAUGGCCAAUCUCCUUUCGGUACUCAAUUCUUCUUGGG
hsa-mir-545,CCCAGCCUGGCACAUUAGUAGGCCUCAGUAAAUGUUUAUUAGAUGAAUAAAUGAAUGACUCAUCAGCAAACAUUUAUUGUGUGCCUGCUAAAGUGAGCUCCACAGG
hsa-mir-4674,CCCAGGCGCCCGCUCCCGACCCACGCCGCGCCGCCGGGUCCCUCCUCCCCGGAGAGGCUGGGCUCGGGACGCGCGGCUCAGCUCGGG
hsa-mir-675,CCCAGGGUCUGGUGCGGAGAGGGCCCACAGUGGACUUGGUGACGCUGUAUGCCCUCACCGCUCAGCCCCUGGG
hsa-mir-99a,CCCAUUGGCAUAAACCCGUAGAUCCGAUCUUGUGGUGAAGUGGACCGCACAAGCUCGCUUCUAUGGGUCUGUGUCAGUGUG
hsa-mir-593,CCCCCAGAAUCUGUCAGGCACCAGCCAGGCAUUGCUCAGCCCGUUUCCCUCUGGGGGAGCAAGGAGUGGUGCUGGGUUUGUCUCUGCUGGGGUUUCUCCU
hsa-mir-500b,CCCCCUCUCUAAUCCUUGCUACCUGGGUGAGAGUGCUUUCUGAAUGCAGUGCACCCAGGCAAGGAUUCUGCAAGGGGGA
hsa-mir-375,CCCCGCGACGAGCCCCUCGCACAAACCGGACCUGAGCGUUUUGUUCGUUCGGCUCGCGUGAGGC
hsa-let-7e,CCCGGGCUGAGGUAGGAGGUUGUAUAGUUGAGGAGGACACCCAAGGAGAUCACUAUACGGCCUCCUAGCUUUCCCCAGG
hsa-mir-3117,CCCUAAAGGGCCAGACACUAUACGAGUCAUAUAAGGGAAGGCAUUAUAGGACUCAUAUAGUGCCAGGUGUUUUGUGGG
hsa-mir-200c,CCCUCGUCUUACCCAGCAGUGUUUGGGUGCGGUUGGGAGUCUCUAAUACUGCCGGGUAAUGAUGGAGG
hsa-mir-4731,CCCUGCCAGUGCUGGGGGCCACAUGAGUGUGCAGUCAUCCACACACAAGUGGCCCCCAACACUGGCAGGG
hsa-mir-138-1,CCCUGGCAUGGUGUGGUGGGGCAGCUGGUGUUGUGAAUCAGGCCGUUGCCAAUCAGAGAACGGCUACUUCACAACACCAGGGCCACACCACACUACAGG
hsa-mir-146a,CCGAUGUGUAUCCUCAGCUUUGAGAACUGAAUUCCAUGGGUUGUGUCAGUGUCAGACCUCUGAAAUUCAGUUCUUCAGCUGGGAUAUCUCUGUCAUCGU
hsa-mir-885,CCGCACUCUCUCCAUUACACUACCCUGCCUCUUCUCCAUGAGAGGCAGCGGGGUGUAGUGGAUAGAGCACGGGU
hsa-mir-183,CCGCAGAGUGUGACUCCUGUUCUGUGUAUGGCACUGGUAGAAUUCACUGUGAACAGUCUCAGUCAGUGAAUUACCGAAGGGCCAUAAACAGAGCAGAGACAGAUCCACGA
hsa-mir-3195,CCGCAGCCGCCGCGCCGGGCCCGGGUUGGCCGCUGACCCCCGCGGGGCCCCCGGCGGCCGGGGCGGGGGCGGGGGCUGCCCCGG
hsa-mir-132,CCGCCCCCGCGUCUCCAGGGCAACCGUGGCUUUCGAUUGUUACUGUGGGAACUGGAGGUAACAGUCUACAGCCAUGGUCGCCCCGCAGCACGCCCACGCGC
hsa-mir-219a-1,CCGCCCCGGGCCGCGGCUCCUGAUUGUCCAAACGCAAUUCUCGAGUCUAUGGCUCCGGCCGAGAGUUGAGUCUGGACGUCCCGAGCCGCCGCCCCCAAACCUCGAGCGGG
hsa-mir-1247,CCGCUUGCCUCGCCCAGCGCAGCCCCGGCCGCUGGGCGCACCCGUCCCGUUCGUCCCCGGACGUUGCUCUCUACCCCGGGAACGUCGAGACUGGAGCGCCCGAACUGAGCCACCUUCGCGGACCCCGAGAGCGGCG
hsa-mir-4454,CCGGAUCCGAGUCACGGCACCAAAUUUCAUGCGUGUCCGUGUGAAGAGACCACCA
hsa-mir-26b,CCGGGACCCAGUUCAAGUAAUUCAGGAUAGGUUGUGUGCUGUCCAGCCUGUUCUCCAUUACUUGGCUCGGGGACCGG
hsa-mir-200a,CCGGGCCCCUGUGAGCAUCUUACCGGACAGUGCUGGAUUUCCCAGCUUGACUCUAACACUGUCUGGUAACGAUGUUCAAAGGUGACCCGC
hsa-mir-433,CCGGGGAGAAGUACGGUGAGCCUGUCAUUAUUCAGAGAGGCUAGAUCCUCUGUGUUGAGAAGGAUCAUGAUGGGCUCCUCGGUGUUCUCCAGG
hsa-let-7d,CCUAGGAAGAGGUAGUAGGUUGCAUAGUUUUAGGGCAGGGAUUUUGCCCACAAGGAGGUAACUAUACGACCUGCUGCCUUUCUUAGG
mmu-mir-20b,CCUAGUAGUGCCAAAGUGCUCAUAGUGCAGGUAGUUUUUAUACCACUCUACUGCAGUGUGAGCACUUCUAGUACUCCUGG
hsa-mir-133b,CCUCAGAAGAAAGAUGCCCCCUGCUCUGGCUGGUCAAACGGAACCAAGUCCGUCUUCCUGAGAGGUUUGGUCCCCUUCAACCAGCUACAGCAGGGCUGGCAAUGCCCAGUCCUUGGAGA
hsa-mir-571,CCUCAGUAAGACCAAGCUCAGUGUGCCAUUUCCUUGUCUGUAGCCAUGUCUAUGGGCUCUUGAGUUGGCCAUCUGAGUGAGGGCCUGCUUAUUCUA
hsa-mir-1299,CCUCAUGGCAGUGUUCUGGAAUCCUACGUGAGGGACAAUCAUUCAGACCCACGUAGCAGUGUUCUGGAAUUCUGUGUGAGGGA
hsa-mir-2114,CCUCCAUGCUCCUAGUCCCUUCCUUGAAGCGGUCGGAUAAUCACAUGACGAGCCUCAAGCAAGGGACUUCAAGCUGGUGG
hsa-mir-3161,CCUCGAGAGCUGAUAAGAACAGAGGCCCAGAUUGAAGUUGAAUAGUGCUGGGCCUUUGUUUUUACCAAGUUCCCUGG
hsa-mir-302d,CCUCUACUUUAACAUGGAGGCACUUGCUGUGACAUGACAAAAAUAAGUGCUUCCAUGUUUGAGUGUGG
hsa-mir-1275,CCUCUGUGAGAAAGGGUGUGGGGGAGAGGCUGUCUUGUGUCUGUAAGUAUGCCAAACUUAUUUUCCCCAAGGCAGAGGGA
hsa-mir-4695,CCUGCAGGAGGCAGUGGGCGAGCAGGCGGGGCAGCCCAAUGCCAUGGGCCUGAUCUCACCGCUGCCUCCUUCCC
hsa-mir-106b,CCUGCCGGGGCUAAAGUGCUGACAGUGCAGAUAGUGGUCCUCUCCGUGCUACCGCACUGUGGGUACUUGCUGCUCCAGCAGG
hsa-mir-4749,CCUGCGGGGACAGGCCAGGGCAUCUAGGCUGUGCACAGUGACGCCCCUCCUGCCCCCACAG
hsa-mir-1202,CCUGCUGCAGAGGUGCCAGCUGCAGUGGGGGAGGCACUGCCAGGGCUGCCCACUCUGCUUAGCCAGCAGGUGCCAAGAACAGG
rno-mir-301a,CCUGCUGGCUACUGCUGACGACUGCUCUGACUUUAUUGCACUACUGUACUGUACAGCUAGCAGUGCAAUAGUAUUGUCAAAGCAUCCGGGAGCAGGCUAC
hsa-mir-146b,CCUGGCACUGAGAACUGAAUUCCAUAGGCUGUGAGCUCUAGCAAUGCCCUGUGGACUCAGUUCUGGUGCCCGG
hsa-mir-223,CCUGGCCUCCUGCAGUGCCACGCUCCGUGUAUUUGACAAGCUGAGUUGGACACUCCAUGUGGUAGAGUGUCAGUUUGUCAAAUACCCCAAGUGCGGCACAUGCUUACCAG
hsa-mir-1292,CCUGGGAACGGGUUCCGGCAGACGCUGAGGUUGCGUUGACGCUCGCGCCCCGGCUCCCGUUCCAGG
hsa-mir-3175,CCUGGGGGGCGGGGAGAGAACGCAGUGACGUCUGGCCGCGUGCGCAUGUCGGGCGCUUUCUCCUCCCCCUACCCAGG
hsa-mir-4763,CCUGUCCCUCCUGCCCUGCGCCUGCCCAGCCCUCCUGCUCUGGUGACUGAGGACCGCCAGGCAGGGGCUGGUGCUGGGCGGGGGGCGGCGGG
hsa-mir-181b-1,CCUGUGCAGAGAUUAUUUUUUAAAAGGUCACAAUCAACAUUCAUUGCUGUCGGUGGGUUGAACUGUGUGGACAAGCUCACUGAACAAUGAAUGCAACUGUGGCCCCGCUU
hsa-mir-100,CCUGUUGCCACAAACCCGUAGAUCCGAACUUGUGGUAUUAGUCCGCACAAGCUUGUAUCUAUAGGUAUGUGUCUGUUAGG
hsa-mir-891a,CCUUAAUCCUUGCAACGAACCUGAGCCACUGAUUCAGUAAAAUACUCAGUGGCACAUGUUUGUUGUGAGGGUCAAAAGA
hsa-mir-891b,CCUUAAUCCUUGCAACUUACCUGAGUCAUUGAUUCAGUAAAACAUUCAAUGGCACAUGUUUGUUGUUAGGGUCAAAAGA
hsa-mir-122,CCUUAGCAGAGCUGUGGAGUGUGACAAUGGUGUUUGUGUCUAAACUAUCAAACGCCAUUAUCACACUAAAUAGCUACUGCUAGGC
hsa-mir-663a,CCUUCCGGCGUCCCAGGCGGGGCGCCGCGGGACCGCCCUCGUGUCUGUGGCGGUGGGAUCCCGCGGCCGUGUUUUCCUGGUGGCCCGGCCAUG
hsa-mir-15a,CCUUGGAGUAAAGUAGCAGCACAUAAUGGUUUGUGGAUUUUGAAAAGGUGCAGGCCAUAUUGUGCUGCCUCAAAAAUACAAGG
hsa-mir-4701,CCUUGGCCACCACACCUACCCCUUGUGAAUGUCGGGCAAUGGGUGAUGGGUGUGGUGUCCACA
hsa-mir-106a,CCUUGGCCAUGUAAAAGUGCUUACAGUGCAGGUAGCUUUUUGAGAUCUACUGCAAUGUAAGCACUUCUUACAUUACCAUGG
hsa-mir-4289,CCUUGGGAGGGCAUUGUGCAGGGCUAUCAGGCAGUUUCCUGGGCCCUGUCUGCAGAGCCUAAACAGAUCA
hsa-mir-302c,CCUUUGCUUUAACAUGGGGGUACCUGCUGUGUGAAACAAAAGUAAGUGCUUCCAUGUUUCAGUGGAGG
hsa-mir-4530,CGACCGCACCCGCCCGAAGCUGGGUCAAGGAGCCCAGCAGGACGGGAGCGCGGCGC
hsa-mir-532,CGACUUGCUUUCUCUCCUCCAUGCCUUGAGUGUAGGACCGUUGGCAUCUUAAUUACCCUCCCACACCCAAGGCUUGCAGAAGAGCGAGCCU
hsa-mir-193a,CGAGGAUGGGAGCUGAGGGCUGGGUCUUUGCGGGCGAGAUGAGGGUGUCGGAUCAACUGGCCUACAAAGUCCCAGUUCUCGGCCCCCG
hsa-mir-424,CGAGGGGAUACAGCAGCAAUUCAUGUUUUGAAGUGUUCUAAAUGGUUCAAAACGUGAGGCGCUGCUAUACCCCCUCGUGGGGAAGGUAGAAGGUGGGG
hsa-mir-619,CGCCCACCUCAGCCUCCCAAAAUGCUGGGAUUACAGGCAUGAGCCACUGCGGUCGACCAUGACCUGGACAUGUUUGUGCCCAGUACUGUCAGUUUGCAG
hsa-mir-429,CGCCGGCCGAUGGGCGUCUUACCAGACAUGGUUAGACCUGGCCCUCUGUCUAAUACUGUCUGGUAAAACCGUCCAUCCGCUGC
hsa-mir-202,CGCCUCAGAGCCGCCCGCCGUUCCUUUUUCCUAUGCAUAUACUUCUUUGAGGAUCUGGCCUAAAGAGGUAUAGGGCAUGGGAAAACGGGGCGGUCGGGUCCUCCCCAGCG
hsa-mir-4750,CGCUCGGGCGGAGGUGGUUGAGUGCCGACUGGCGCCUGACCCACCCCCUCCCGCAG
hsa-mir-126,CGCUGGCGACGGGACAUUAUUACUUUUGGUACGCGCUGUGACACUUCAAACUCGUACCGUGAGUAAUAAUGCGCCGUCCACGGCA
hsa-mir-181c,CGGAAAAUUUGCCAAGGGUUUGGGGGAACAUUCAACCUGUCGGUGAGUUUGGGCAGCUCAGGCAAACCAUCGACCGUUGAGUGGACCCUGAGGCCUGGAAUUGCCAUCCU
hsa-mir-4324,CGGCCCCUUUGUUAAGGGUCUCAGCUCCAGGGAACUUUAAAACCCUGAGACCCUAACCUUAAAGGUGCUGCA
hsa-mir-141,CGGCCGGCCCUGGGUCCAUCUUCCAGUACAGUGUUGGAUGGUCUAAUUGUGAAGCUCCUAACACUGUCUGGUAAAGAUGGCUCCCGGGUGGGUUC
hsa-mir-191,CGGCUGGACAGCGGGCAACGGAAUCCCAAAAGCAGCUGUUGUCUCCAGAGCAUUCCAGCUGCGCUUGGAUUUCGUCCCCUGCUCUCCUGCCU
hsa-mir-1908,CGGGAAUGCCGCGGCGGGGACGGCGAUUGGUCCGUAUGUGUGGUGCCACCGGCCGCCGGCUCCGCCCCGGCCCCCGCCCC
hsa-mir-564,CGGGCAGCGGGUGCCAGGCACGGUGUCAGCAGGCAACAUGGCCGAGAGGCCGGGGCCUCCGGGCGGCGCCGUGUCCGCGACCGCGUACCCUGAC
hsa-mir-92b,CGGGCCCCGGGCGGGCGGGAGGGACGGGACGCGGUGCAGUGUUGUUUUUUCCCCCGCCAAUAUUGCACUCGUCCCGGCCUCCGGCCCCCCCGGCCC
hsa-mir-212,CGGGGCACCCCGCCCGGACAGCGCGCCGGCACCUUGGCUCUAGACUGCUUACUGCCCGGGCCGCCCUCAGUAACAGUCUCCAGUCACGGCCACCGACGCCUGGCCCCGCC
hsa-mir-339,CGGGGCGGCCGCUCUCCCUGUCCUCCAGGAGCUCACGUGUGCCUGCCUGUGAGCGCCUCGACGACAGAGCCGGCGCCUGCCCCAGUGUCUGCGC
hsa-let-7b,CGGGGUGAGGUAGUAGGUUGUGUGGUUUCAGGGCAGUGAUGUUGCCCCUCGGAAGAUAACUAUACAACCUACUGCCUUCCCUG
hsa-mir-9-1,CGGGGUUGGUUGUUAUCUUUGGUUAUCUAGCUGUAUGAGUGGUGUGGAGUCUUCAUAAAGCUAGAUAACCGAAAGUAAAAAUAACCCCA
hsa-mir-4787,CGGUCCAGACGUGGCGGGGGUGGCGGCGGCAUCCCGGACGGCCUGUGAGGGAUGCGCCGCCCACUGCCCCGCGCCGCCUGACCG
hcmv-mir-US25-2,CGGUUAGCGGUCUGUUCAGGUGGAUGAGGGCUCUUCACGGUCGGGCACUCGGCUGUGCCUGUCAUCCACUUGGAGAGCUCCCGCGGUCCG
hsa-mir-3679,CGUGGUGAGGAUAUGGCAGGGAAGGGGAGUUUCCCUCUAUUCCCUUCCCCCCAGUAAUCUUCAUCAUG
hsa-mir-1914,CGUGUGAGCCCGCCCUGUGCCCGGCCCACUUCUGCUUCCUCUUAGCGCAGGAGGGGUCCCGCACUGGGAGGGGCCCUCAC
hsa-mir-570,CUAGAUAAGUUAUUAGGUGGGUGCAAAGGUAAUUGCAGUUUUUCCCAUUAUUUUAAUUGCGAAAACAGCAAUUACCUUUGCACCAACCUGAUGGAGU
hsa-mir-525,CUCAAGCUGUGACUCUCCAGAGGGAUGCACUUUCUCUUAUGUGAAAAAAAAGAAGGCGCUUCCCUUUAGAGCGUUACGGUUUGGG
hsa-mir-153-1,CUCACAGCUGCCAGUGUCAUUUUUGUGAUCUGCAGCUAGUAUUCUCACUCCAGUUGCAUAGUCACAAAAGUGAUCAUUGGCAGGUGUGGC
hsa-mir-519a-1,CUCAGGCUGUGACACUCUAGAGGGAAGCGCUUUCUGUUGUCUGAAAGAAAGGAAAGUGCAUCCUUUUAGAGUGUUACUGUUUGAG
hsa-mir-520a,CUCAGGCUGUGACCCUCCAGAGGGAAGUACUUUCUGUUGUCUGAGAGAAAAGAAAGUGCUUCCCUUUGGACUGUUUCGGUUUGAG
hsa-mir-526a-1,CUCAGGCUGUGACCCUCUAGAGGGAAGCACUUUCUGUUGCUUGAAAGAAGAGAAAGCGCUUCCUUUUAGAGGAUUACUCUUUGAG
hsa-mir-23b,CUCAGGUGCUCUGGCUGCUUGGGUUCCUGGCAUGCUGAUUUGUGACUUAAGAUUAAAAUCACAUUGCCAGGGAUUACCACGCAACCACGACCUUGGC
hsa-mir-326,CUCAUCUGUCUGUUGGGCUGGAGGCAGGGCCUUUGUGAAGGCGGGUGGUGCUCAGAUCGCCUCUGGGCCCUUCCUCCAGCCCCGAGGCGGAUUCA
hsa-mir-320e,CUCCAUGGGGCCUUCUCUUCCCAGUUCUUCCUGGAGUCGGGGAAAAGCUGGGUUGAGAAGGUGAAAAGAAAAA
hsa-mir-1267,CUCCCAAAUCUCCUGUUGAAGUGUAAUCCCCACCUCCAGCAUUGGGGAUUACAUUUCAACAUGAGAUUUGGAUGAGGA
hsa-mir-150,CUCCCCAUGGCCCUGUCUCCCAACCCUUGUACCAGUGCUGGGCUCAGACCCUGGUACAGGCCUGGGGGACAGGGACCUGGGGAC
hsa-mir-320a,CUCCCCUCCGCCUUCUCUUCCCGGUUCUUCCCGGAGUCGGGAAAAGCUGGGUUGAGAGGGCGAAAAAGGAUG
hsa-mir-24-1,CUCCGGUGCCUACUGAGCUGAUAUCAGUUCUCAUUUUACACACUGGCUCAGUUCAGCAGGAACAGGAG
hsa-mir-587,CUCCUAUGCACCCUCUUUCCAUAGGUGAUGAGUCACAGGGCUCAGGGAAUGUGUCUGCACCUGUGACUCAUCACCAGUGGAAAGCCCAUCCCAUAU
hsa-mir-383,CUCCUCAGAUCAGAAGGUGAUUGUGGCUUUGGGUGGAUAUUAAUCAGCCACAGCACUGCCUGGUCAGAAAGAG
hsa-mir-4665,CUCGAGGUGCUGGGGGACGCGUGAGCGCGAGCCGCUUCCUCACGGCUCGGCCGCGGCGCGUAGCCCCCGCCACAUCGGG
hsa-mir-1469,CUCGGCGCGGGGCGCGGGCUCCGGGUUGGGGCGAGCCAACGCCGGGG
hsa-mir-615,CUCGGGAGGGGCGGGAGGGGGGUCCCCGGUGCUCGGAUCUCGAGGGUGCUUAUUGUUCGGUCCGAGCCUGGGUCUCCCUCUUCCCCCCAACCCCCC
hsa-mir-107,CUCUCUGCUUUCAGCUUCUUUACAGUGUUGCCUUGUGGCAUGGAGUUCAAGCAGCAUUGUACAGGGCUAUCAAAGCACAGA
hsa-mir-3183,CUCUGCCCUGCCUCUCUCGGAGUCGCUCGGAGCAGUCACGUUGACGGAAUCCUCCGGCGCCUCCUCGAGGGAGGAGAGGCAGGG
hsa-mir-24-2,CUCUGCCUCCCGUGCCUACUGAGCUGAAACACAGUUGGUUUGUGUACACUGGCUCAGUUCAGCAGGAACAGGG
hsa-mir-618,CUCUUGUUCACAGCCAAACUCUACUUGUCCUUCUGAGUGUAAUUACGUACAUGCAGUAGCUCAGGAGACAAGCAGGUUUACCCUGUGGAUGAGUCUGA
hsa-mir-324,CUGACUAUGCCUCCCCGCAUCCCCUAGGGCAUUGGUGUAAAGCUGGAGACCCACUGCCCCAGGUGCUGCUGGGGGUUGUAGUC
hsa-mir-378e,CUGACUCCAGUGUCCAGGCCAGGGGCAGACAGUGGACAGAGAACAGUGCCCAAGACCACUGGACUUGGAGUCAGGACAU
hsa-mir-3162,CUGACUUUUUUAGGGAGUAGAAGGGUGGGGAGCAUGAACAAUGUUUCUCACUCCCUACCCCUCCACUCCCCAAAAAAGUCAG
hsa-mir-27a,CUGAGGAGCAGGGCUUAGCUGCUUGUGAGCAGGGUCCACACCAAGUCGUGUUCACAGUGGCUAAGUUCCGCCCCCCAG
hsa-mir-4492,CUGCAGCGUGCUUCUCCAGGCCCCGCGCGCGGACAGACACACGGACAAGUCCCGCCAGGGGCUGGGCGCGCGCCAGCCGG
hsa-mir-3065,CUGCCCUCUUCAACAAAAUCACUGAUGCUGGAGUCGCCUGAGUCAUCACUCAGCACCAGGAUAUUGUUGGAGAGGACAG
hsa-mir-660,CUGCUCCUUCUCCCAUACCCAUUGCAUAUCGGAGUUGUGAAUUCUCAAAACACCUCCUGUGUGCAUGGAUUACAGGAGGGUGAGCCUUGUCAUCGUG
hsa-mir-493,CUGGCCUCCAGGGCUUUGUACAUGGUAGGCUUUCAUUCAUUCGUUUGCACAUUCGGUGAAGGUCUACUGUGUGCCAGGCCCUGUGCCAG
hsa-let-7i,CUGGCUGAGGUAGUAGUUUGUGCUGUUGGUCGGGUUGUGACAUUGCCCGCUGUGGAGAUAACUGCGCAAGCUACUGCCUUGCUA
hsa-mir-93,CUGGGGGCUCCAAAGUGCUGUUCGUGCAGGUAGUGUGAUUACCCAACCUACUGCUGAGCUAGCACUUCCCGAGCCCCCGG
hsa-mir-412,CUGGGGUACGGGGAUGGAUGGUCGACCAGUUGGAAAGUAAUUGUUUCUAAUGUACUUCACCUGGUCCACUAGCCGUCCGUAUCCGCUGCAG
hsa-mir-1250,CUGUCCCGCUGGCCUGGCAGGUGACGGUGCUGGAUGUGGCCUUUUUGCCUUUUCUAAAGGCCACAUUUUCCAGCCCAUUCAACCUUCCAGAGCCCUCUGAAGUGGCCACAGGC
hsa-mir-1258,CUGUGGCUUCCACGACCUAAUCCUAACUCCUGCGAGUCCCUGGAGUUAGGAUUAGGUCGUGGAAGCCACAGGA
hsa-mir-4640,CUGUGGGCUGGGCCAGGGAGCAGCUGGUGGGUGGGAAGUAAGAUCUGACCUGGACUCCAUCCCACCCACCCCCUGUUUCCUGGCCCACAG
hsa-mir-33a,CUGUGGUGCAUUGUAGUUGCAUUGCAUGUUCUGGUGGUACCCAUGCAAUGUUUCCACAGUGCAUCACAG
hsa-mir-449a,CUGUGUGUGAUGAGCUGGCAGUGUAUUGUUAGCUGGUUGAAUAUGUGAAUGGCAUCGGCUAACAUGCAACUGCUGUCUUAUUGCAUAUACA
hsa-mir-155,CUGUUAAUGCUAAUCGUGAUAGGGGUUUUUGCCUCCAACUGACUCCUACAUAUUAGCAUUAACAG
hsa-mir-29b-1,CUUCAGGAAGCUGGUUUCAUAUGGUGGUUUAGAUUUAAAUAGUGAUUGUCUAGCACCAUUUGAAAUCAGUGUUCUUGGGGG
hsa-mir-561,CUUCAUCCACCAGUCCUCCAGGAACAUCAAGGAUCUUAAACUUUGCCAGAGCUACAAAGGCAAAGUUUAAGAUCCUUGAAGUUCCUGGGGGAACCAU
hsa-mir-29b-2,CUUCUGGAAGCUGGUUUCACAUGGUGGCUUAGAUUUUUCCAUCUUUGUAUCUAGCACCAUUUGAAAUCAGUGUUUUAGGAG
hsa-mir-362,CUUGAAUCCUUGGAACCUAGGUGUGAGUGCUAUUUCAGUGCAACACACCUAUUCAAGGAUUCAAA
hsa-mir-3164,CUUGGAAACUGUGACUUUAAGGGAAAUGGCGCACAGCAGACCCUGCAAUCAUGCCGUUUUGCUUGAAGUCGCAGUUUCCCAGG
hsa-mir-451a,CUUGGGAAUGGCAAGGAAACCGUUACCAUUACUGAGUUUAGUAAUGGUAAUGGUUCUCUUGCUAUACCCAGA
hsa-mir-3130-1,CUUGUCAUGUCUUACCCAGUCUCCGGUGCAGCCUGUUGUCAAGGCUGCACCGGAGACUGGGUAAGACAUGACAAG
hsa-mir-92a-1,CUUUCUACACAGGUUGGGAUCGGUUGCAAUGCUGUGUUUCUGUAUGGUAUUGCACUUGUCCCGGCCUGUUGAGUUUGG
hsa-mir-330,CUUUGGCGAUCACUGCCUCUCUGGGCCUGUGUCUUAGGCUCUGCAAGAUCAACCGAGCAAAGCACACGGCCUGCAGAGAGGCAGCGCUCUGCCC
hsa-mir-3910-1,CUUUUGCUGUCAGUUUUUCUGUUGCUUGUCUUGGUUUUAUGCCUUUUAUAUCAAGGCACAUAAAAGGCAUAAAACCAAGACAAGCAACAAAAAAAGGAUUGAUCACAGAAG
hsa-mir-342,GAAACUGGGCUCAAGGUGAGGGGUGCUAUCUGUGAUUGAGGGACAUGGUUAAUGGAAUUGUCUCACACAGAAAUCGCACCCGUCACCUUGGCCUACUUA
hsa-mir-3660,GAAAGAAGAACUGGACAAAAUUAAAAUGCUCUUCUGUCAUUGUAAUAGUUCAUAUGGGCACUGACAGGAGAGCAUUUUGACUUUGUCAAGUGUGUCUGCU
hsa-mir-425,GAAAGCGCUUUGGAAUGACACGAUCACUCCCGUUGAGUGGGCACCCGAGAAGCCAUCGGGAAUGUCGUGUCCGCCCAGUGCUCUUUC
hsa-mir-664a,GAACAUUGAAACUGGCUAGGGAAAAUGAUUGGAUAGAAACUAUUAUUCUAUUCAUUUAUCCCCAGCCUACAAAAUGAAAAAA
hsa-mir-517c,GAAGAUCUCAGGCAGUGACCCUCUAGAUGGAAGCACUGUCUGUUGUCUAAGAAAAGAUCGUGCAUCCUUUUAGAGUGUUACUGUUUGAGAAAAUC
hsa-mir-4427,GAAGCCUCUUGGGGCUUAUUUAGACAAUGGUUUCAUCAUUUCGUCUGAAUAGAGUCUGAAGAGUCUUU
hsa-mir-938,GAAGGUGUACCAUGUGCCCUUAAAGGUGAACCCAGUGCACCUUCAUGAACCGUGGUACACCUUUAAGAACUUGGUAUGCCUUC
hsa-mir-3185,GAAUGGAAGAAGAAGGCGGUCGGUCUGCGGGAGCCAGGCCGCAGAGCCAUCCGCCUUCUGUCCAUGUC
hsa-mir-3153,GACAAAUUUUAAAUGUCCCUGUCCCCUUCCCCCCAAUUAAAGUAGAUUGGGGGAAAGCGAGUAGGGACAUUUAAAAUUUGUU
hsa-mir-142,GACAGUGCAGUCACCCAUAAAGUAGAAAGCACUACUAACAGCACUGGAGGGUGUAGUGUUUCCUACUUUAUGGAUGAGUGUACUGUG
hsa-mir-4710,GACCGAGUGGGGUGAGGGCAGGUGGUUCUUCCCGAAGCAGCUCUCGCCUCUUCGUC
hsa-mir-2116,GACCUAGGCUAGGGGUUCUUAGCAUAGGAGGUCUUCCCAUGCUAAGAAGUCCUCCCAUGCCAAGAACUCCCAGACUAGGA
hsa-mir-4638,GACUCGGCUGCGGUGGACAAGUCCGGCUCCAGAACCUGGACACCGCUCAGCCGGCCGCGGCAGGGGUC
hsa-mir-3198-1,GACUGUGCUCUCACUGUUCACCCAGCACUAGCAGUACCAGACGGUUCUGUGGAGUCCUGGGGAAUGGAGAGAGCACAGUC
hsa-mir-488,GAGAAUCAUCUCUCCCAGAUAAUGGCACUCUCAAACAAGUUUCCAAAUUGUUUGAAAGGCUAUUUCUUGGUCAGAUGACUCUC
hsa-mir-422a,GAGAGAAGCACUGGACUUAGGGUCAGAAGGCCUGAGUCUCUCUGCUGCAGAUGGGCUCUCUGUCCCUGAGCCAAGCUUUGUCCUCCCUGG
hsa-mir-1290,GAGCGUCACGUUGACACUCAAAAAGUUUCAGAUUUUGGAACAUUUCGGAUUUUGGAUUUUUGGAUCAGGGAUGCUCAA
hsa-mir-182,GAGCUGCUUGCCUCCCCCCGUUUUUGGCAAUGGUAGAACUCACACUGGUGAGGUAACAGGAUCCGGUGGUUCUAGACUUGCCAACUAUGGGGCGAGGACUCAGCCGGCAC
hsa-mir-148a,GAGGCAAAGUUCUGAGACACUCCGACUCUGAGUAUGAUAGAAGUCAGUGCACUACAGAACUUUGUCUC
hsa-mir-3178,GAGGCUGGGCGGGGCGCGGCCGGAUCGGUCGAGAGCGUCCUGGCUGAUGACGGUCUCCCGUGCCCACGCCCCAAACGCAGUCUC
hsa-mir-3150b,GAGGGAAAGCAGGCCAACCUCGAGGAUCUCCCCAGCCUUGGCGUUCAGGUGCUGAGGAGAUCGUCGAGGUUGGCCUGCUUCCCCUC
hsa-mir-4732,GAGGGAGCUGUAGAGCAGGGAGCAGGAAGCUGUGUGUGUCCAGCCCUGACCUGUCCUGUUCUGCCCCCAGCCCCUC
hsa-mir-483,GAGGGGGAAGACGGGAGGAAAGAAGGGAGUGGUUCCAUCACGCCUCCUCACUCCUCUCCUCCCGUCUUCUCCUCUC
hsa-mir-1288,GAGGGUGUUGAUCAGCAGAUCAGGACUGUAACUCACCAUAGUGGUGGACUGCCCUGAUCUGGAGACCACUGCCUU
hsa-mir-3131,GAGUCGAGGACUGGUGGAAGGGCCUUUCCCCUCAGACCAAGGCCCUGGCCCCAGCUUCUUCUC
hsa-mir-331,GAGUUUGGUUUUGUUUGGGUUUGUUCUAGGUAUGGUCCCAGGGAUCCCAGAUCAAACCAGGCCCCUGGGCCUAUCCUAGAACCAACCUAAGCUC
hsa-mir-494,GAUACUCGAAGGAGAGGUUGUCCGUGUUGUCUUCUCUUUAUUUAUGAUGAAACAUACACGGGAAACCUCUUUUUUAGUAUC
hsa-mir-568,GAUAUACACUAUAUUAUGUAUAAAUGUAUACACACUUCCUAUAUGUAUCCACAUAUAUAUAGUGUAUAUAUUAUACAUGUAUAGGUGUGUAUAUG
hsa-mir-10a,GAUCUGUCUGUCUUCUGUAUAUACCCUGUAGAUCCGAAUUUGUGUAAGGAAUUUUGUGGUCACAAAUUCGUAUCUAGGGGAAUAUGUAGUUGACAUAAACACUCCGCUCU
hsa-mir-505,GAUGCACCCAGUGGGGGAGCCAGGAAGUAUUGAUGUUUCUGCCAGUUUAGCGUCAACACUUGCUGGUUUCCUCUCUGGAGCAUC
hsa-mir-216a,GAUGGCUGUGAGUUGGCUUAAUCUCAGCUGGCAACUGUGAGAUGUUCAUACAAUCCCUCACAGUGGUCUCUGGGAUUAUGCUAAACAGAGCAAUUUCCUAGCCCUCACGA
hsa-mir-3651,GAUUCGAUGGGCCAUAGCAAUCCUGUGAUUUAUGCAUGGAGGCUGCUUCUCCUCAGCAGCUGCCAUAGCCCGGUCGCUGGUACAUGAUUC
hsa-mir-603,GAUUGAUGCUGUUGGUUUGGUGCAAAAGUAAUUGCAGUGCUUCCCAUUUAAAAGUAAUGGCACACACUGCAAUUACUUUUGCUCCAACUUAAUACUU
hsa-mir-421,GCACAUUGUAGGCCUCAUUAAAUGUUUGUUGAAUGAAAAAAUGAAUCAUCAACAGACAUUAAUUGGGCGCCUGCUCUGUGAUCUC
hsa-mir-450b,GCAGAAUUAUUUUUGCAAUAUGUUCCUGAAUAUGUAAUAUAAGUGUAUUGGGAUCAUUUUGCAUCCAUAGUUUUGUAU
hsa-mir-216b,GCAGACUGGAAAAUCUCUGCAGGCAAAUGUGAUGUCACUGAGGAAAUCACACACUUACCCGUAGAGAUUCUACAGUCUGACA
hsa-mir-1976,GCAGCAAGGAAGGCAGGGGUCCUAAGGUGUGUCCUCCUGCCCUCCUUGCUGU
hsa-mir-1207,GCAGGGCUGGCAGGGAGGCUGGGAGGGGCUGGCUGGGUCUGGUAGUGGGCAUCAGCUGGCCCUCAUUUCUUAAGACAGCACUUCUGU
hsa-mir-671,GCAGGUGAACUGGCAGGCCAGGAAGAGGAGGAAGCCCUGGAGGGGCUGGAGGUGAUGGAUGUUUUCCUCCGGUUCUCAGGGCUCCACCUCUUUCGGGCCGUAGAGCCAGGGCUGGUGC
hsa-mir-19a,GCAGUCCUCUGUUAGUUUUGCAUAGUUGCACUACAAGAAGAAUGUAGUUGUGCAAAUCUAUGCAAAACUGAUGGUGGCCUGC
hsa-let-7c,GCAUCCGGGUUGAGGUAGUAGGUUGUAUGGUUUAGAGUUACACCCUGGGAGUUAACUGUACAACCUUCUAGCUUUCCUUGGAGC
hsa-mir-766,GCAUCCUCAGGACCUGGGCUUGGGUGGUAGGAGGAAUUGGUGCUGGUCUUUCAUUUUGGAUUUGACUCCAGCCCCACAGCCUCAGCCACCCCAGCCAAUUGUCAUAGGAGC
hsa-mir-486-1,GCAUCCUGUACUGAGCUGCCCCGAGGCCCUUCAUGCUGCCCAGCUCGGGGCAGCUCAGUACAGGAUAC
hsa-mir-676,GCAUGACUCUUCAACCUCAGGACUUGCAGAAUUAAUGGAAUGCUGUCCUAAGGUUGUUGAGUUGUGC
hsa-mir-199a-1,GCCAACCCAGUGUUCAGACUACCUGUUCAGGAGGCUCUCAAUGUGUACAGUAGUCUGCACAUUGGUUAGGC
hsa-mir-506,GCCACCACCAUCAGCCAUACUAUGUGUAGUGCCUUAUUCAGGAAGGUGUUACUUAAUAGAUUAAUAUUUGUAAGGCACCCUUCUGAGUAGAGUAAUGUGCAACAUGGACAACAUUUGUGGUGGC
hsa-mir-605,GCCCUAGCUUGGUUCUAAAUCCCAUGGUGCCUUCUCCUUGGGAAAAACAGAGAAGGCACUAUGAGAUUUAGAAUCAAGUUAGG
hsa-mir-1470,GCCCUCCGCCCGUGCACCCCGGGGCAGGAGACCCCGCGGGACGCGCCGAGGUAGGGGGGAC
hsa-mir-1257,GCCCUGGGCUUGUGCUUGGGGAGUGAAUGAUGGGUUCUGACCCCCAUGCACCCCUGUGGGCCCCUGGCAUCACUGGCCCCAUCCUUCACCCCUGCCAACCACGCUUGCCCUGUGCCU
hsa-mir-499a,GCCCUGUCCCCUGUGCCUUGGGCGGGCGGCUGUUAAGACUUGCAGUGAUGUUUAACUCCUCUCCACGUGAACAUCACAGCAAGUCUGUGCUGCUUCCCGUCCCUACGCUGCCUGGGCAGGGU
hsa-mir-192,GCCGAGACCGAGUGCACAGGGCUCUGACCUAUGAAUUGACAGCCAGUGCUCUCGUCUCCCCUCUGGCUGCCAAUUCCAUAGGUCACAGGUAUGUUCGCCUCAAUGCCAGC
hsa-mir-301b,GCCGCAGGUGCUCUGACGAGGUUGCACUACUGUGCUCUGAGAAGCAGUGCAAUGAUAUUGUCAAAGCAUCUGGGACCA
hsa-mir-149,GCCGGCGCCCGAGCUCUGGCUCCGUGUCUUCACUCCCGUGCUUGUCCGAGGAGGGAGGGAGGGACGGGGGCUGUGCUGGGGCAGCUGGA
hsa-mir-448,GCCGGGAGGUUGAACAUCCUGCAUAGUGCUGCCAGGAAAUCCCUAUUUCAUAUAAGAGGGGGCUGGCUGGUUGCAUAUGUAGGAUGUCCCAUCUCCCAGCCCACUUCGUCA
hsa-mir-4669,GCCUCCCUUCACUUCCUGGCCAUCCAGGCAUCUGUGUCUGUGUCCGGGAAGUGGAGGAGGGC
hsa-mir-758,GCCUGGAUACAUGAGAUGGUUGACCAGAGAGCACACGCUUUAUUUGUGCCGUUUGUGACCUGGUCCACUAACCCUCAGUAUCUAAUGC
hsa-mir-769,GCCUUGGUGCUGAUUCCUGGGCUCUGACCUGAGACCUCUGGGUUCUGAGCUGUGAUGUUGCUCUCGAGCUGGGAUCUCCGGGGUCUUGGUUCAGGGCCGGGGCCUCUGGGUUCCAAGC
hsa-mir-30a,GCGACUGUAAACAUCCUCGACUGGAAGCUGUGAAGCCACAGAUGGGCUUUCAGUCGGAUGUUUGCAGCUGC
hsa-mir-518c,GCGAGAAGAUCUCAUGCUGUGACUCUCUGGAGGGAAGCACUUUCUGUUGUCUGAAAGAAAACAAAGCGCUUCUCUUUAGAGUGUUACGGUUUGAGAAAAGC
hsa-mir-143,GCGCAGCGCCCUGUCUCCCAGCCUGAGGUGCAGUGCUGCAUCUCUGGUCAGUUGGGAGUCUGAGAUGAAGCACUGUAGCUCAGGAAGAGAGAAGUUGUUCUGCAGC
hsa-mir-4644,GCGGCGGUGCUCUGCCUCUUUCUCCAUCCACCCUGGUCCAGGUCCACAGCAGUGGAGAGAGAAAAGAGACAGAAGGAUGGCCGU
hsa-mir-33b,GCGGGCGGCCCCGCGGUGCAUUGCUGUUGCAUUGCACGUGUGUGAGGCGGGUGCAGUGCCUCGGCAGUGCAGCCCGGAGCCGGCCCCUGGCACCAC
hsa-mir-3665,GCGGGCGGCGGCGGCGGCAGCAGCAGCAGGUGCGGGGCGGCGGCCGCGCUGGCCGCUCGACUCCGCAGCUGCUCGUUCUGCUUCUCCAGCUUGCGCACCAGCUCC
hsa-mir-513c,GCGUACAGUGCCUUUCUCAAGGAGGUGUCGUUUAUGUGAACUAAAAUAUAAAUUUCACCUUUCUGAGAAGAGUAAUGUACAGCA
hsa-mir-1178,GCGUUGGCUGGCAGAGGAAGGGAAGGGUCCAGGGUCAGCUGAGCAUGCCCUCAGGUUGCUCACUGUUCUUCCCUAGAAUGUCAGGUGAUGU
hsa-mir-452,GCUAAGCACUUACAACUGUUUGCAGAGGAAACUGAGACUUUGUAACUAUGUCUCAGUCUCAUCUGCAAAGAAGUAAGUGCUUUGC
hsa-mir-3146,GCUAAGUCCCUUCUUUCUAUCCUAGUAUAACUUGAAGAAUUCAAAUAGUCAUGCUAGGAUAGAAAGAAUGGGACUUGGC
hsa-mir-4706,GCUACGGGGAGCGGGGAGGAAGUGGGCGCUGCUUCUGCGUUAUCUGGAAGGAGCAGCCCACUCCUGUCCUGGGCUCUGUGGU
hsa-mir-500a,GCUCCCCCUCUCUAAUCCUUGCUACCUGGGUGAGAGUGCUGUCUGAAUGCAAUGCACCUGGGCAAGGAUUCUGAGAGCGAGAGC
hsa-mir-302b,GCUCCCUUCAACUUUAACAUGGAAGUGCUUUCUGUGACUUUAAAAGUAAGUGCUUCCAUGUUUUAGUAGGAGU
hsa-mir-3074,GCUCGACUCCUGUUCCUGCUGAACUGAGCCAGUGUGUAAAAUGAGAACUGAUAUCAGCUCAGUAGGCACCGGAGGGCGGGU
hsa-mir-658,GCUCGGUUGCCGUGGUUGCGGGCCCUGCCCGCCCGCCAGCUCGCUGACAGCACGACUCAGGGCGGAGGGAAGUAGGUCCGUUGGUCGGUCGGGAACGAGG
hsa-mir-501,GCUCUUCCUCUCUAAUCCUUUGUCCCUGGGUGAGAGUGCUUUCUGAAUGCAAUGCACCCGGGCAAGGAUUCUGAGAGGGUGAGC
hsa-mir-222,GCUGCUGGAAGGUGUAGGUACCCUCAAUGGCUCAGUAGCCAGUGUAGAUCCUGUCUUUCGUAAUCAGCAGCUACAUCUGGCUACUGGGUCUCUGAUGGCAUCUUCUAGCU
hsa-mir-504,GCUGCUGUUGGGAGACCCUGGUCUGCACUCUAUCUGUAUUCUUACUGAAGGGAGUGCAGGGCAGGGUUUCCCAUACAGAGGGC
hsa-mir-3187,GCUGGCCCUGGGCAGCGUGUGGCUGAAGGUCACCAUGUUCUCCUUGGCCAUGGGGCUGCGCGGGGCCAGC
hsa-mir-1343,GCUGGCGUCGGUGCUGGGGAGCGGCCCCCGGGUGGGCCUCUGCUCUGGCCCCUCCUGGGGCCCGCACUCUCGCUCUGGGCCCGC
hsa-mir-449c,GCUGGGAUGUGUCAGGUAGGCAGUGUAUUGCUAGCGGCUGUUAAUGAUUUUAACAGUUGCUAGUUGCACUCCUCUCUGUUGCAUUCAGAAGC
hsa-mir-662,GCUGUUGAGGCUGCGCAGCCAGGCCCUGACGGUGGGGUGGCUGCGGGCCUUCUGAAGGUCUCCCACGUUGUGGCCCAGCAGCGCAGUCACGUUGC
hsa-mir-3940,GCUUAUCGAGGAAAAGAUCGAGGUGGGUUGGGGCGGGCUCUGGGGAUUUGGUCUCACAGCCCGGAUCCCAGCCCACUUACCUUGGUUACUCUCCUUCCUUCU
hsa-mir-598,GCUUGAUGAUGCUGCUGAUGCUGGCGGUGAUCCCGAUGGUGUGAGCUGGAAAUGGGGUGCUACGUCAUCGUUGUCAUCGUCAUCAUCAUCAUCCGAG
hsa-mir-767,GCUUUUAUAUUGUAGGUUUUUGCUCAUGCACCAUGGUUGUCUGAGCAUGCAGCAUGCUUGUCUGCUCAUACCCCAUGGUUUCUGAGCAGGAACCUUCAUUGUCUACUGC
hsa-mir-4678,GGAAAAAACAAGGUAUUGUUCAGACUUAUGAUUUUUGGGGUCAAAGAUUCUGAGCAAUAACCUAUUAAAAAACC
hsa-mir-2467,GGACAGGCACCUGAGGCUCUGUUAGCCUUGGCUCUGGGUCCUGCUCCUUAGAGCAGAGGCAGAGAGGCUCAGGGUCUGUCU
hsa-mir-4800,GGAGAAAGGAGUGGACCGAGGAAGGAAGGAAGGCAAGGCUGUCUGUCCAUCCGUCCGUCUGUCCACCUACCUGUCAGUCC
hsa-mir-31,GGAGAGGAGGCAAGAUGCUGGCAUAGCUGUUGAACUGGGAACCUGCUAUGCCAACAUAUUGCCAUCUUUCC
hsa-mir-661,GGAGAGGCUGUGCUGUGGGGCAGGCGCAGGCCUGAGCCCUGGUUUCGGGCUGCCUGGGUCUCUGGCCUGCGCGUGACUUUGGGGUGGCU
hsa-mir-32,GGAGAUAUUGCACAUUACUAAGUUGCAUGUUGUCACGGCCUCAAUGCAAUUUAGUGUGUGUGAUAUUUUC
hsa-mir-361,GGAGCUUAUCAGAAUCUCCAGGGGUACUUUAUAAUUUCAAAAAGUCCCCCAGGUGUGAUUCUGAUUUGCUUC
hsa-mir-378c,GGAGGCCAUCACUGGACUUGGAGUCAGAAGAGUGGAGUCGGGUCAGACUUCAACUCUGACUUUGAAGGUGGUGAGUGCCUC
hsa-mir-555,GGAGUGAACUCAGAUGUGGAGCACUACCUUUGUGAGCAGUGUGACCCAAGGCCUGUGGACAGGGUAAGCUGAACCUCUGAUAAAACUCUGAUCUAU
hsa-mir-129-1,GGAUCUUUUUGCGGUCUGGGCUUGCUGUUCCUCUCAACAGUAGUCAGGAAGCCCUUACCCCAAAAAGUAUCU
hsa-mir-1301,GGAUUGUGGGGGGUCGCUCUAGGCACCGCAGCACUGUGCUGGGGAUGUUGCAGCUGCCUGGGAGUGACUUCACACAGUCCUC
hsa-mir-99b,GGCACCCACCCGUAGAACCGACCUUGCGGGGCCUUCGCCGCACACAAGCUCGUGUCUGUGGGUCCGUGUC
hsa-mir-4722,GGCAGGAGGGCUGUGCCAGGUUGGCUGGGCCAGGCCUGACCUGCCAGCACCUCCCUGCAG
hsa-mir-888,GGCAGUGCUCUACUCAAAAAGCUGUCAGUCACUUAGAUUACAUGUGACUGACACCUCUUUGGGUGAAGGAAGGCUCA
hsa-mir-34a,GGCCAGCUGUGAGUGUUUCUUUGGCAGUGUCUUAGCUGGUUGUUGUGAGCAAUAGUAAGGAAGCAAUCAGCAAGUAUACUGCCCUAGAAGUGCUGCACGUUGUGGGGCCC
hsa-mir-3127,GGCCAGGCCCAUCAGGGCUUGUGGAAUGGGAAGGAGAAGGGACGCUUCCCCUUCUGCAGGCCUGCUGGGUGUGGCU
hsa-mir-25,GGCCAGUGUUGAGAGGCGGAGACUUGGGCAAUUGCUGGACGCUGCCCUGGGCAUUGCACUUGUCUCGGUCUGACAGUGCCGGCC
hsa-mir-3154,GGCCCCUCCUUCUCAGCCCCAGCUCCCGCUCACCCCUGCCACGUCAAAGGAGGCAGAAGGGGAGUUGGGAGCAGAGAGGGGACC
hsa-mir-762,GGCCCGGCUCCGGGUCUCGGCCCGUACAGUCCGGCCGGCCAUGCUGGCGGGGCUGGGGCCGGGGCCGAGCCCGCGGCGGGGCC
hsa-mir-4478,GGCCGAGGCUGAGCUGAGGAGCCUCCAAACCUGUAGACAGGGUCAUGCAGUACUAGGGGCGAGCCUCAUCCCCUGCAGCCCUGGCC
hsa-mir-718,GGCCGCGGCGCGCAAGAUGGCGGCGGGCCCGGGCACCGCCCCUUCCGCCCCGCCGGGCGUCGCACGAGGC
hsa-mir-23a,GGCCGGCUGGGGUUCCUGGGGAUGGGAUUUGCUUCCUGUCACAAAUCACAUUGCCAGGGAUUUCCAACCGACC
hsa-mir-649,GGCCUAGCCAAAUACUGUAUUUUUGAUCGACAUUUGGUUGAAAAAUAUCUAUGUAUUAGUAAACCUGUGUUGUUCAAGAGUCCACUGUGUUUUGCUG
hsa-mir-130b,GGCCUGCCCGACACUCUUUCCCUGUUGCACUACUAUAGGCCGCUGGGAAGCAGUGCAAUGAUGAAAGGGCAUCGGUCAGGUC
hsa-mir-214,GGCCUGGCUGGACAGAGUUGUCAUGUGUCUGCCUGUCUACACUUGCUGUGCAGAACAUCCGCUCACCUGUACAGCAGGCACAGACAGGCAGUCACAUGACAACCCAGCCU
hsa-mir-3960,GGCGCCCCGGCUCCCCGCGCCCCCGAUCGGGGCCGCCGCUAGUAGUGGCGGCGGCGGAGGCGGGGGCAGCGGCGGCGGCGGCGGAGGCGCC
hsa-mir-3188,GGCGCCUCCUGCUCUGCUGUGCCGCCAGGGCCUCCCCUAGCGCGCCUUCUGGAGAGGCUUUGUGCGGAUACGGGGCUGGAGGCCU
hsa-mir-2861,GGCGCCUCUGCAGCUCCGGCUCCCCCUGGCCUCUCGGGAACUACAAGUCCCAGGGGGCCUGGCGGUGGGCGGCGGGCGGAAGAGGCGGGG
hsa-mir-760,GGCGCGUCGCCCCCCUCAGUCCACCAGAGCCCGGAUACCUCAGAAAUUCGGCUCUGGGUCUGUGGGGAGCGAAAUGCAAC
hsa-mir-3917,GGCGCUUUUGUGCGCGCCCGGGUCUGUUGGUGCUCAGAGUGUGGUCAGGCGGCUCGGACUGAGCAGGUGGGUGCGGGGCUCGGAGGAGGCGGC
hsa-mir-935,GGCGGGGGCGCGGGCGGCAGUGGCGGGAGCGGCCCCUCGGCCAUCCUCCGUCUGCCCAGUUACCGCUUCCGCUACCGCCGCCGCUCCCGCU
hsa-mir-204,GGCUACAGUCUUUCUUCAUGUGACUCGUGGACUUCCCUUUGUCAUCCUAUGCCUGAGAAUAUAUGAAGGAGGCUGGGAAGGCAAAGGGACGUUCAAUUGUCAUCACUGGC
hsa-mir-3139,GGCUCAGAGUAGGAGCUCAACAGAUGCCUGUUGACUGAAUAAUAAACAGGUAUCGCAGGAGCUUUUGUUAUGUGCC
hsa-mir-1539,GGCUCUGCGGCCUGCAGGUAGCGCGAAAGUCCUGCGCGUCCCAGAUGCCC
hsa-mir-22,GGCUGAGCCGCAGUAGUUCUUCAGUGGCAAGCUUUAUGUCCUGACCCAGCUAAAGCUGCCAGUUGAAGAACUGUUGCCCUCUGCC
hsa-mir-1179,GGCUGGAAAGGAAGAAGCAUUCUUUCAUUGGUUGGUGUGUAUUGCCUUGUCAACCAAUAAGAGGAUGCCAUUUAUCCUUUUCUGACUAGCU
hsa-mir-1303,GGCUGGGCAACAUAGCGAGACCUCAACUCUACAAUUUUUUUUUUUUUAAAUUUUAGAGACGGGGUCUUGCUCUGUUGCCAGGCUUU
hsa-mir-197,GGCUGUGCCGGGUAGAGAGGGCAGUGGGAGGUAAGAGCUCUUCACCCUUCACCACCUUCUCCACCCAGCAUGGCC
hsa-mir-3167,GGCUGUGGAGGCACCAGUAUUUCUGAAAUUCUUUUUUCUGAAAUUCUUCAGGAAGGAUUUCAGAAAUACUGGUGUCCCGACAGCC
hsa-mir-4257,GGCUUAGAAACAGUCCCUAGGUAGGAUUUGGGGAGGAGCUAAGAAGCCCCUACAGGGCCCAGAGGUGGGGACUGAGCCUUAGUUGG
hsa-mir-4783,GGGAAAGCGGAGGGCGCGCCCAGCUCCCGGGCUGAUUGCGCUAACAGUGGCCCCGGUGUUGGGGCGCGUCUGCCGCUGCCCC
hsa-mir-1538,GGGAACAGCAGCAACAUGGGCCUCGCUUCCUGCCGGCGCGGCCCGGGCUGCUGCUGUUCCU
hsa-mir-574,GGGACCUGCGUGGGUGCGGGCGUGUGAGUGUGUGUGUGUGAGUGUGUGUCGCUCCGGGUCCACGCUCAUGCACACACCCACACGCCCACACUCAGG
hsa-mir-1182,GGGACUUGUCACUGCCUGUCUCCUCCCUCUCCAGCAGCGACUGGAUUCUGGAGUCCAUCUAGAGGGUCUUGGGAGGGAUGUGACUGUUGGGAAGCCC
hsa-mir-378i,GGGAGCACUGGACUAGGAGUCAGAAGGUGGAGUUCUGGGUGCUGUUUUCCCACUCUUGGGCCCUGGGCAUGUUCUG
hsa-mir-4739,GGGAGGAAGAAGGGAGGAGGAGCGGAGGGGCCCUUGUCUUCCCAGAGCCUCUCCCUUCCUCCCCUCCCCCUCCC
hsa-mir-1249,GGGAGGAGGGAGGAGAUGGGCCAAGUUCCCUCUGGCUGGAACGCCCUUCCCCCCCUUCUUCACCUG
hsa-mir-373,GGGAUACUCAAAAUGGGGGCGCUUUCCUUUUUGUCUGUACUGGGAAGUGCUUCGAUUUUGGGGUGUCCC
hsa-mir-513a-1,GGGAUGCCACAUUCAGCCAUUCAGCGUACAGUGCCUUUCACAGGGAGGUGUCAUUUAUGUGAACUAAAAUAUAAAUUUCACCUUUCUGAGAAGGGUAAUGUACAGCAUGCACUGCAUAUGUGGUGUCCC
hsa-mir-30e,GGGCAGUCUUUGCUACUGUAAACAUCCUUGACUGGAAGCUGUAAGGUGUUCAGAGGAGCUUUCAGUCGGAUGUUUACAGCGGCAGGCUGCCA
hsa-mir-608,GGGCCAAGGUGGGCCAGGGGUGGUGUUGGGACAGCUCCGUUUAAAAAGGCAUCUCCAAGAGCUUCCAUCAAAGGCUGCCUCUUGGUGCAGCACAGGUAGA
hsa-mir-4721,GGGCCUGGUCAUGGUCAAGCCAGGUUCCAUCAAGCCCCACCAGAAGGUGGAGGCCCAGGUGAGGGCUCCAGGUGACGGUGGGCAGGGUU
hsa-mir-224,GGGCUUUCAAGUCACUAGUGGUUCCGUUUAGUAGAUGAUUGUGCAUUGUUUCAAAAUGGUGCCCUAGUGACUACAAAGCCC
hsa-mir-654,GGGUAAGUGGAAAGAUGGUGGGCCGCAGAACAUGUGCUGAGUUCGUGCCAUAUGUCUGCUGACCAUCACCUUUAGAAGCCC
hsa-mir-3196,GGGUGGGGGCGGGGCGGCAGGGGCCUCCCCCAGUGCCAGGCCCCAUUCUGCUUCUCUCCCAGCU
hsa-mir-4484,GGGUUUCCUCUGCCUUUUUUUCCAAUGAAAAUAACGAAACCUGUUAUUUCCCAUUGAGGGGGAAAAAGGCGGGAGAAGCCCCA
hsa-mir-371b,GGUAACACUCAAAAGAUGGCGGCACUUUCACCAGAGAGCAGAAAGUGCCCCCACAGUUUGAGUGCC
hsa-mir-668,GGUAAGUGCGCCUCGGGUGAGCAUGCACUUAAUGUGGGUGUAUGUCACUCGGCUCGGCCCACUACC
hsa-mir-329-1,GGUACCUGAAGAGAGGUUUUCUGGGUUUCUGUUUCUUUAAUGAGGACGAAACACACCUGGUUAACCUCUUUUCCAGUAUC
hsa-mir-410,GGUACCUGAGAAGAGGUUGUCUGUGAUGAGUUCGCUUUUAUUAAUGACGAAUAUAACACAGAUGGCCUGUUUUCAGUACC
hsa-mir-487a,GGUACUUGAAGAGUGGUUAUCCCUGCUGUGUUCGCUUAAUUUAUGACGAAUCAUACAGGGACAUCCAGUUUUUCAGUAUC
hsa-mir-1291,GGUAGAAUUCCAGUGGCCCUGACUGAAGACCAGCAGUUGUACUGUGGCUGUUGGUUUCAAGCAGAGGCCUAAAGGACUGUCUUCCUG
hsa-mir-4488,GGUAGGGGGCGGGCUCCGGCGCUGGGACCCCACUAGGGUGGCGCCUUGGCCCCGCCCCGCCC
hsa-mir-569,GGUAUUGUUAGAUUAAUUUUGUGGGACAUUAACAACAGCAUCAGAAGCAACAUCAGCUUUAGUUAAUGAAUCCUGGAAAGUUAAGUGACUUUAUUU
hsa-mir-378b,GGUCAUUGAGUCUUCAAGGCUAGUGGAAAGAGCACUGGACUUGGAGGCAGAAAGACC
hsa-mir-137,GGUCCUCUGACUCUCUUCGGUGACGGGUAUUCUUGGGUGGAUAAUACGGAUUACGUUGUUAUUGCUUAAGAAUACGCGUAGUCGAGGAGAGUACCAGCGGCA
hsa-mir-28,GGUCCUUGCCCUCAAGGAGCUCACAGUCUAUUGAGUUACCUUUCUGACUUUCCCACUAGAUUGUGAGCUCCUGGAGGGCAGGCACU
hsa-mir-187,GGUCGGGCUCACCAUGACACAGUGUGAGACCUCGGGCUACAACACAGGACCCGGGCGCUGCUCUGACCCCUCGUGUCUUGUGUUGCAGCCGGAGGGACGCAGGUCCGCA
hsa-mir-346,GGUCUCUGUGUUGGGCGUCUGUCUGCCCGCAUGCCUGCCUCUCUGUUGCUCUGAAGGAGGCAGGGGCUGGGCCUGCAGCUGCCUGGGCAGAGCGG
hsa-mir-3064,GGUCUGGCUGUUGUGGUGUGCAAAACUCCGUACAUUGCUAUUUUGCCACACUGCAACACCUUACAG
hsa-mir-613,GGUGAGUGCGUUUCCAAGUGUGAAGGGACCCUUCCUGUAGUGUCUUAUAUACAAUACAGUAGGAAUGUUCCUUCUUUGCCACUCAUACACCUUUA
hsa-mir-4758,GGUGAGUGGGAGCCGGUGGGGCUGGAGUAAGGGCACGCCCGGGGCUGCCCCACCUGCUGACCACCCUCCCC
hsa-mir-663b,GGUGCCGAGGGCCGUCCGGCAUCCUAGGCGGGUCGCUGCGGUACCUCCCUCCUGUCUGUGGCGGUGGGAUCCCGUGGCCGUGUUUUCCUGGUGGCCCGGCCGUGCCUGAGGUUUC
hsa-mir-4261,GGUGGAAGUGGGUUCCUCCCAGUUCCUGAGACAGGAAACAGGGACCCAGGAGACCAGC
hsa-mir-4443,GGUGGGGGUUGGAGGCGUGGGUUUUAGAACCUAUCCCUUUCUAGCCCUGAGCA
hsa-mir-1468,GGUGGGUGGUUUCUCCGUUUGCCUGUUUCGCUGAUGUGCAUUCAACUCAUUCUCAGCAAAAUAAGCAAAUGGAAAAUUCGUCCAUC
hsa-mir-3200,GGUGGUCGAGGGAAUCUGAGAAGGCGCACAAGGUUUGUGUCCAAUACAGUCCACACCUUGCGCUACUCAGGUCUGCUCGUGCCCU
hsa-mir-4707,GGUUCCGGAGCCCCGGCGCGGGCGGGUUCUGGGGUGUAGACGCUGCUGGCCAGCCCGCCCCAGCCGAGGUUCUCGGCACC
hsa-mir-4689,GGUUUCUCCUUGAGGAGACAUGGUGGGGGCCGGUCAGGCAGCCCAUGCCAUGUGUCCUCAUGGAGAGGCC
hsa-mir-877,GUAGAGGAGAUGGCGCAGGGGACACGGGCAAAGACUUGGGGGUUCCUGGGACCCUCAGACGUGUGUCCUCUUCUCCCUCCUCCCAG
hsa-mir-20a,GUAGCACUAAAGUGCUUAUAGUGCAGGUAGUGUUUAGUUAUCUACUGCAUUAUGAGCACUUAAAGUACUGC
hsa-mir-337,GUAGUCAGUAGUUGGGGGGUGGGAACGGCUUCAUACAGGAGUUGAUGCACAGUUAUCCAGCUCCUAUAUGAUGCCUUUCUUCAUCCCCUUCAA
hsa-mir-920,GUAGUUGUUCUACAGAAGACCUGGAUGUGUAGGAGCUAAGACACACUCCAGGGGAGCUGUGGAAGCAGUAACACG
hsa-mir-548h-2,GUAUUAGGUUGGUGCAAAAGUAAUCGCGGUUUUUGUCAUUACUUUCAAUGGCAAACACCACAAUUACUUUUGCACCAACCUAAUAUAA
hsa-mir-17,GUCAGAAUAAUGUCAAAGUGCUUACAGUGCAGGUAGUGAUAUGUGCAUCUACUGCAGUGAAGGCACUUGUAGCAUUAUGGUGAC
hsa-mir-16-1,GUCAGCAGUGCCUUAGCAGCACGUAAAUAUUGGCGUUAAGAUUCUAAAAUUAUCUCCAGUAUUAACUGUGCUGCUGAAGUAAGGUUGAC
hsa-mir-378f,GUCAGGUCCUGGACUCCCAUAGUUUUCAGGCUGCUAAACAACAGAACGAGCACUGGACUUGGAGCCAGAAGUCUUGGG
hsa-mir-4713,GUCCCCAUUUUUCUCCCACUACCAGGCUCCCAUAAGGGUCGAAUGGGAUCCAGACAGUGGGAGAAAAAUGGGGAC
hsa-mir-181d,GUCCCCUCCCCUAGGCCACAGCCGAGGUCACAAUCAACAUUCAUUGUUGUCGGUGGGUUGUGAGGACUGAGGCCAGACCCACCGGGGGAUGAAUGUCACUGUGGCUGGGCCAGACACGGCUUAAGGGGAAUGGGGAC
hsa-mir-3147,GUCCGGGUUGGGCAGUGAGGAGGGUGUGACGCCGCGAAGUGCACCUCGCCCUUGUCCAACUCGGAC
hsa-mir-572,GUCGAGGCCGUGGCCCGGAAGUGGUCGGGGCCGCUGCGGGCGGAAGGGCGCCUGUGCUUCGUCCGCUCGGCGGUGGCCCAGCCAGGCCCGCGGGA
hsa-mir-196a-1,GUGAAUUAGGUAGUUUCAUGUUGUUGGGCCUGGGUUUCUGAACACAACAACAUUAAACCACCCGAUUCAC
hsa-mir-640,GUGACCCUGGGCAAGUUCCUGAAGAUCAGACACAUCAGAUCCCUUAUCUGUAAAAUGGGCAUGAUCCAGGAACCUGCCUCUACGGUUGCCUUGGGG
hsa-mir-1306,GUGAGCAGUCUCCACCACCUCCCCUGCAAACGUCCAGUGGUGCAGAGGUAAUGGACGUUGGCUCUGGUGGUGAUGGACAGUCCGA
hsa-mir-638,GUGAGCGGGCGCGGCAGGGAUCGCGGGCGGGUGGCGGCCUAGGGCGCGGAGGGCGGACCGGGAAUGGCGCGCCGUGCGCCGCCGGCGUAACUGCGGCGCU
hsa-mir-3621,GUGAGCUGCUGGGGACGCGGGUCGGGGUCUGCAGGGCGGUGCGGCAGCCGCCACCUGACGCCGCGCCUUUGUCUGUGUCCCACAG
hsa-mir-1224,GUGAGGACUCGGGAGGUGGAGGGUGGUGCCGCCGGGGCCGGGCGCUGUUUCAGCUCGCUUCUCCCCCCACCUCCUCUCUCCUCAG
hsa-mir-4430,GUGAGGCUGGAGUGAGCGGAGAUCGUACCACUGCACUCCAACCUGGUGA
hsa-mir-1226,GUGAGGGCAUGCAGGCCUGGAUGGGGCAGCUGGGAUGGUCCAAAAGGGUGGCCUCACCAGCCCUGUGUUCCCUAG
hsa-mir-3620,GUGAGGUGGGGGCCAGCAGGGAGUGGGCUGGGCUGGGCUGGGCCAAGGUACAAGGCCUCACCCUGCAUCCCGCACCCAG
hsa-mir-940,GUGAGGUGUGGGCCCGGCCCCAGGAGCGGGGCCUGGGCAGCCCCGUGUGUUGAGGAAGGAAGGCAGGGCCCCCGCUCCCCGGGCCUGACCCCAC
hsa-mir-1236,GUGAGUGACAGGGGAAAUGGGGAUGGACUGGAAGUGGGCAGCAUGGAGCUGACCUUCAUCAUGGCUUGGCCAACAUAAUGCCUCUUCCCCUUGUCUCUCCAG
hsa-mir-1238,GUGAGUGGGAGCCCCAGUGUGUGGUUGGGGCCAUGGCGGGUGGGCAGCCCAGCCUCUGAGCCUUCCUCGUCUGUCUGCCCCAG
hsa-mir-1233-1,GUGAGUGGGAGGCCAGGGCACGGCAGGGGGAGCUGCAGGGCUAUGGGAGGGGCCCCAGCGUCUGAGCCCUGUCCUCCCGCAG
hsa-mir-4745,GUGAGUGGGGCUCCCGGGACGGCGCCCGCCCUGGCCCUGGCCCGGCGACGUCUCACGGUCCC
hsa-mir-1234,GUGAGUGUGGGGUGGCUGGGGCGGGGGGGGCCCGGGGACGGCUUGGGCCUGCCUAGUCGGCCUGACCACCCACCCCACAG
hsa-mir-218-1,GUGAUAAUGUAGCGAGAUUUUCUGUUGUGCUUGAUCUAACCAUGUGGUUGCGAGGUAUGAGUAAAACAUGGUUCCGUCAAGCACCAUGGAACGUCACGCAGCUUUCUACA
hsa-mir-887,GUGCAGAUCCUUGGGAGCCCUGUUAGACUCUGGAUUUUACACUUGGAGUGAACGGGCGCCAUCCCGAGGCUUUGCACAG
hsa-mir-34b,GUGCUCGGUUUGUAGGCAGUGUCAUUAGCUGAUUGUACUGUGGUGGUUACAAUCACUAACUCCACUGCCAUCAAAACAAGGCAC
hsa-mir-2278,GUGCUGCAGGUGUUGGAGAGCAGUGUGUGUUGCCUGGGGACUGUGUGGACUGGUAUCACCCAGACAGCUUGCACUGACUCCAGACCCUGCCGUCAU
hsa-mir-889,GUGCUUAAAGAAUGGCUGUCCGUAGUAUGGUCUCUAUAUUUAUGAUGAUUAAUAUCGGACAACCAUUGUUUUAGUAUCC
hsa-mir-2277,GUGCUUCCUGCGGGCUGAGCGCGGGCUGAGCGCUGCCAGUCAGCGCUCACAUUAAGGCUGACAGCGCCCUGCCUGGCUCGGCCGGCGAAGCUC
hsa-mir-371a,GUGGCACUCAAACUGUGGGGGCACUUUCUGCUCUCUGGUGAAAGUGCCGCCAUCUUUUGAGUGUUAC
hsa-mir-489,GUGGCAGCUUGGUGGUCGUAUGUGUGACGCCAUUUACUUGAACCUUUAGGAGUGACAUCACAUAUACGGCAGCUAAACUGCUAC
hsa-mir-26a-1,GUGGCCUCGUUCAAGUAAUCCAGGAUAGGCUGUGCAGGUCCCAAUGGGCCUAUUCUUGGUUACUUGCACGGGGACGC
hsa-mir-1237,GUGGGAGGGCCCAGGCGCGGGCAGGGGUGGGGGUGGCAGAGCGCUGUCCCGGGGGCGGGGCCGAAGCGCGGCGACCGUAACUCCUUCUGCUCCGUCCCCCAG
hsa-mir-4728,GUGGGAGGGGAGAGGCAGCAAGCACACAGGGCCUGGGACUAGCAUGCUGACCUCCCUCCUGCCCCAG
hsa-mir-372,GUGGGCCUCAAAUGUGGAGCACUAUUCUGAUGUCCAAGUGGAAAGUGCUGCGACAUUUGAGCGUCAC
hsa-mir-1228,GUGGGCGGGGGCAGGUGUGUGGUGGGUGGUGGCCUGCGGUGAGCAGGGCCCUCACACCUGCCUCGCCCCCCAG
hsa-mir-631,GUGGGGAGCCUGGUUAGACCUGGCCCAGACCUCAGCUACACAAGCUGAUGGACUGAGUCAGGGGCCACACUCUCC
hsa-mir-1225,GUGGGUACGGCCCAGUGGGGGGGAGAGGGACACGCCCUGGGCUCUGCCCAGGGUGCAGCCGGACUGACUGAGCCCCUGUGCCGCCCCCAG
hsa-mir-1229,GUGGGUAGGGUUUGGGGGAGAGCGUGGGCUGGGGUUCAGGGACACCCUCUCACCACUGCCCUCCCACAG
hsa-mir-154,GUGGUACUUGAAGAUAGGUUAUCCGUGUUGCCUUCGCUUUAUUUGUGACGAAUCAUACACGGUUGACCUAUUUUUCAGUACCAA
hsa-mir-193b,GUGGUCUCAGAAUCGGGGUUUUGAGGGCGAGAUGAGUUUAUGUUUUAUCCAACUGGCCCUCAAAGUCCCGCUUUUGGGGUCAU
hsa-mir-510,GUGGUGUCCUACUCAGGAGAGUGGCAAUCACAUGUAAUUAGGUGUGAUUGAAACCUCUAAGAGUGGAGUAACAC
hsa-mir-513b,GUGUACAGUGCCUUUCACAAGGAGGUGUCAUUUAUGUGAACUAAAAUAUAAAUGUCACCUUUUUGAGAGGAGUAAUGUACAGCA
hsa-mir-657,GUGUAGUAGAGCUAGGAGGAGAGGGUCCUGGAGAAGCGUGGACCGGUCCGGGUGGGUUCCGGCAGGUUCUCACCCUCUCUAGGCCCCAUUCUCCUCUG
hsa-mir-139,GUGUAUUCUACAGUGCACGUGUCUCCAGUGUGGCUCGGAGGCUGGAGACGCGGCCCUGUUGGAGUAAC
hsa-mir-4725,GUGUCUCUCUGGAGACCCUGCAGCCUUCCCACCCACCAGGGAGCUUUCCAUGGGCUGUGGGGAAGGCGUCAGUGUCGGGUGAGGGAACAC
hsa-mir-873,GUGUGCAUUUGCAGGAACUUGUGAGUCUCCUAUUGAAAAUGAACAGGAGACUGAUGAGUUCCCGGGAACACCCACAA
hsa-mir-466,GUGUGUGUAUAUGUGUGUUGCAUGUGUGUAUAUGUGUGUAUAUAUGUACACAUACACAUACACGCAACACACAUAUAUACAUGC
hsa-mir-558,GUGUGUGUGUGUGUGUGUGGUUAUUUUGGUAUAGUAGCUCUAGACUCUAUUAUAGUUUCCUGAGCUGCUGUACCAAAAUACCACAAACGGGCUG
hsa-mir-203a,GUGUUGGGGACUCGCGCGCUGGGUCCAGUGGUUCUUAACAGUUCAACAGUUCUGUAGCGCAAUUGUGAAAUGUUUAGGACCACUAGACCCGGCGGGCGCGGCGACAGCGA
hsa-mir-581,GUUAUGUGAAGGUAUUCUUGUGUUCUCUAGAUCAGUGCUUUUAGAAAAUUUGUGUGAUCUAAAGAACACAAAGAAUACCUACACAGAACCACCUGC
hsa-mir-16-2,GUUCCACUCUAGCAGCACGUAAAUAUUGGCGUAGUGAAAUAUAUAUUAAACACCAAUAUUACUGUGCUGCUUUAGUGUGAC
hsa-mir-944,GUUCCAGACACAUCUCAUCUGAUAUACAAUAUUUUCUUAAAUUGUAUAAAGAGAAAUUAUUGUACAUCGGAUGAGCUGUGUCUGGGAU
hsa-mir-4447,GUUCUAGAGCAUGGUUUCUCAUCAUUUGCACUACUGAUACUUGGGGUCAGAUAAUUGUUUGUGGUGGGGGCUGUUGUUUGCAUUGUAGGAU
hsa-mir-4284,GUUCUGUGAGGGGCUCACAUCACCCCAUCAAAGUGGGGACUCAUGGGGAGAGGGGGUAGUUAGGAGCUUUGAUAGAGGCGG
hsa-mir-802,GUUCUGUUAUUUGCAGUCAGUAACAAAGAUUCAUCCUUGUGUCCAUCAUGCAACAAGGAGAAUCUUUGUCACUUAGUGUAAUUAAUAGCUGGAC
hsa-mir-4664,GUUGGGGGCUGGGGUGCCCACUCCGCAAGUUAUCACUGAGCGACUUCCGGUCUGUGAGCCCCGUCCUCCGC
hsa-mir-1287,GUUGUGCUGUCCAGGUGCUGGAUCAGUGGUUCGAGUCUGAGCCUUUAAAAGCCACUCUAGCCACAGAUGCAGUGAUUGGAGCCAUGACAA
hsa-mir-30d,GUUGUUGUAAACAUCCCCGACUGGAAGCUGUAAGACACAGCUAAGCUUUCAGUCAGAUGUUUGCUGCUAC
hsa-mir-670,GUUUAGGGGUGGACCUGAUGUCCCUGAGUGUAUGUGGUGAACCUGAAUUUGCCUUGGGUUUCCUCAUAUUCAUUCAGGAGUGUCAGUUGCCCCUUCAC
hsa-mir-376a-1,UAAAAGGUAGAUUCUCCUUCUAUGAGUACAUUAUUUAUGAUUAAUCAUAGAGGAAAAUCCACGUUUUC
hsa-mir-4791,UAAGAACUGGAUAUGAUGACUGAAAUAAGCUCCAUAUCAAUGAGAAUUUCAAUGGGAUUAUGUGCAGUCAAUGUCCAGUAAUUA
hsa-mir-3682,UAAGUUAUAUAUGUCUACUUCUACCUGUGUUAUCAUAAUAAAGGUGUCAUGAUGAUACAGGUGGAGGUAGAAAUAUAUAACUUA
hsa-mir-576,UACAAUCCAACGAGGAUUCUAAUUUCUCCACGUCUUUGGUAAUAAGGUUUGGCAAAGAUGUGGAAAAAUUGGAAUCCUCAUUCGAUUGGUUAUAACCA
hsa-mir-374a,UACAUCGGCCAUUAUAAUACAACCUGAUAAGUGUUAUAGCACUUAUCAGAUUGUAUUGUAAUUGUCUGUGUA
hsa-mir-659,UACCGACCCUCGAUUUGGUUCAGGACCUUCCCUGAACCAAGGAAGAGUCACAGUCUCUUCCUUGGUUCAGGGAGGGUCCCCAACAAUGUCCUCAUGG
hsa-mir-1255b-1,UACGGAUGAGCAAAGAAAGUGGUUUCUUAAAAUGGAAUCUACUCUUUGUGAAGAUGCUGUGAA
hsa-mir-103a-1,UACUGCCCUCGGCUUCUUUACAGUGCUGCCUUGUUGCAUAUGGAUCAAGCAGCAUUGUACAGGGCUAUGAAGGCAUUG
hsa-mir-381,UACUUAAAGCGAGGUUGCCCUUUGUAUAUUCGGUUUAUUGACAUGGAAUAUACAAGGGCAAGCUCUCUGUGAGUA
hsa-mir-543,UACUUAAUGAGAAGUUGCCCGUGUUUUUUUCGCUUUAUUUGUGACGAAACAUUCGCGGUGCACUUCUUUUUCAGUAUC
hsa-mir-597,UACUUACUCUACGUGUGUGUCACUCGAUGACCACUGUGAAGACAGUAAAAUGUACAGUGGUUCUCUUGUGGCUCAAGCGUAAUGUAGAGUACUGGUC
hsa-mir-4286,UACUUAUGGCACCCCACUCCUGGUACCAUAGUCAUAAGUUAGGAGAUGUUAGAGCUGUGAGUACCAUGACUUAAGUGUGGUGGCUUAAACAUG
hsa-mir-627,UACUUAUUACUGGUAGUGAGUCUCUAAGAAAAGAGGAGGUGGUUGUUUUCCUCCUCUUUUCUUUGAGACUCACUACCAAUAAUAAGAAAUACUACUA
hsa-mir-382,UACUUGAAGAGAAGUUGUUCGUGGUGGAUUCGCUUUACUUAUGACGAAUCAUUCACGGACAACACUUUUUUCAGUA
hsa-mir-621,UAGAUUGAGGAAGGGGCUGAGUGGUAGGCGGUGCUGCUGUGCUCUGAUGAAGACCCAUGUGGCUAGCAACAGCGCUUACCUUUUGUCUCUGGGUCC
hsa-mir-590,UAGCCAGUCAGAAAUGAGCUUAUUCAUAAAAGUGCAGUAUGGUGAAGUCAAUCUGUAAUUUUAUGUAUAAGCUAGUCUCUGAUUGAAACAUGCAGCA
hsa-mir-4685,UAGCCCAGGGCUUGGAGUGGGGCAAGGUUGUUGGUGAUAUGGCUUCCUCUCCCUUCCUGCCCUGGCUAG
hsa-mir-1268a,UAGCCGGGCGUGGUGGUGGGGGCCUGUGGUCCCAGCUACUUUGGAGGCUGAG
hsa-mir-584,UAGGGUGACCAGCCAUUAUGGUUUGCCUGGGACUGAGGAAUUUGCUGGGAUAUGUCAGUUCCAGGCCAACCAGGCUGGUUGGUCUCCCUGAAGCAAC
hsa-mir-147b,UAUAAAUCUAGUGGAAACAUUUCUGCACAAACUAGAUUCUGGACACCAGUGUGCGGAAAUGCUUCUGCUACAUUUUUAGG
hsa-mir-1972-1,UAUAGGCAUGUGCCACCACACCUGGCUUAAAUGUGUCAUUUAAAAAUUCAGGCCAGGCACAGUGGCUCAUGCCUGUA
hsa-mir-4501,UAUGUGACCUCGGAUGAAUCACUGAAAUAUGUCUGAGCUUCUGUUUCAUCAGAUGUCACAUUUU
hsa-mir-1973,UAUGUUCAACGGCCAUGGUAUCCUGACCGUGCAAAGGUAGCAUA
hsa-mir-592,UAUUAUGCCAUGACAUUGUGUCAAUAUGCGAUGAUGUGUUGUGAUGGCACAGCGUCAUCACGUGGUGACGCAACAUCAUGACGUAAGACGUCACAAC
hsa-mir-936,UCAAGGCCACUGGGACAGUAGAGGGAGGAAUCGCAGAAAUCACUCCAGGAGCAACUGAGAGACCUUGCUUCUACUUUACCAGGUCCUGCUGGCCCAGA
hsa-mir-3141,UCACCCGGUGAGGGCGGGUGGAGGAGGAGGGUCCCCACCAUCAGCCUUCACUGGGACGGGA
hsa-mir-211,UCACCUGGCCAUGUGACUUGUGGGCUUCCCUUUGUCAUCCUUCGCCUAGGGCUCUGAGCAGGGCAGGGACAGCAAAGGGGUGCUCAGUUGUCACUUCCCACAGCACGGAG
hsa-mir-3135a,UCACUUUGGUGCCUAGGCUGAGACUGCAGUGGUGCAAUCUCAGUUCACUGCAGCCUUGACCUCCUGGGCUCAGGUGA
hsa-mir-4311,UCAGAGAGGGGAAAGAGAGCUGAGUGUGACCUGGAGCAGCUCAGGAGGGCUUCCUGGGUGAGGUGGCAGGUUACAGGUUCGAUCUUUGGCCCUCAGAUUC
hsa-let-7f-1,UCAGAGUGAGGUAGUAGAUUGUAUAGUUGUGGGGUAGUGAUUUUACCCUGUUCAGGAGAUAACUAUACAAUCUAUUGCCUUCCCUGA
hsa-mir-526b,UCAGGCUGUGACCCUCUUGAGGGAAGCACUUUCUGUUGUCUGAAAGAAGAGAAAGUGCUUCCUUUUAGAGGCUUACUGUCUGA
hsa-mir-298,UCAGGUCUUCAGCAGAAGCAGGGAGGUUCUCCCAGUGGUUUUCCUUGACUGUGAGGAACUAGCCUGCUGCUUUGCUCAGGAGUGAGCU
hsa-mir-92a-2,UCAUCCCUGGGUGGGGAUUUGUUGCAUUACUUGUGUUCUAUAUAAAGUAUUGCACUUGUCCCGGCCUGUGGAAGA
hsa-mir-518b,UCAUGCUGUGGCCCUCCAGAGGGAAGCGCUUUCUGUUGUCUGAAAGAAAACAAAGCGCUCCCCUUUAGAGGUUUACGGUUUGA
hsa-mir-198,UCAUUGGUCCAGAGGGGAGAUAGGUUCCUGUGAUUUUUCCUUCUUCUCUAUAGAAUAAAUGA
hsa-mir-1181,UCCACUGCUGCCGCCGUCGCCGCCACCCGAGCCGGAGCGGGCUGGGCCGCCAAGGCAAGAUGGUGGACUACAGCGUGUGGG
hsa-mir-589,UCCAGCCUGUGCCCAGCAGCCCCUGAGAACCACGUCUGCUCUGAGCUGGGUACUGCCUGUUCAGAACAAAUGCCGGUUCCCAGACGCUGCCAGCUGGCC
hsa-mir-612,UCCCAUCUGGACCCUGCUGGGCAGGGCUUCUGAGCUCCUUAGCACUAGCAGGAGGGGCUCCAGGGGCCCUCCCUCCAUGGCAGCCAGGACAGGACUCUCA
hsa-mir-519d,UCCCAUGCUGUGACCCUCCAAAGGGAAGCGCUUUCUGUUUGUUUUCUCUUAAACAAAGUGCCUCCCUUUAGAGUGUUACCGUUUGGGA
hsa-mir-518d,UCCCAUGCUGUGACCCUCUAGAGGGAAGCACUUUCUGUUGUCUGAAAGAAACCAAAGCGCUUCCCUUUGGAGCGUUACGGUUUGAGA
hsa-mir-3173,UCCCUGCCCUGCCUGUUUUCUCCUUUGUGAUUUUAUGAGAACAAAGGAGGAAAUAGGCAGGCCAGGGA
hsa-mir-455,UCCCUGGCGUGAGGGUAUGUGCCUUUGGACUACAUCGUGGAAGCCAGCACCAUGCAGUCCAUGGGCAUAUACACUUGCCUCAAGGCCUAUGUCAUC
hsa-mir-629,UCCCUUUCCCAGGGGAGGGGCUGGGUUUACGUUGGGAGAACUUUUACGGUGAACCAGGAGGUUCUCCCAACGUAAGCCCAGCCCCUCCCCUCUGCCU
hsa-mir-3193,UCCUGCGUAGGAUCUGAGGAGUGGACGAGUCUCAUUACCCAGCUCCUGAGCAGGA
hsa-mir-431,UCCUGCUUGUCCUGCGAGGUGUCUUGCAGGCCGUCAUGCAGGCCACACUGACGGUAACGUUGCAGGUCGUCUUGCAGGGCUUCUCGCAAGACGACAUCCUCAUCACCAACGACG
hsa-mir-1911,UCGGCAUCUGCUGAGUACCGCCAUGUCUGUUGGGCAUCCACAGUCUCCCACCAGGCAUUGUGGUCUCCGCUGACGCUUUG
hsa-mir-4521,UCGGCUAAGGAAGUCCUGUGCUCAGUUUUGUAGCAUCAAAACUAGGAUUUCUCUUGUUAC
hsa-mir-614,UCUAAGAAACGCAGUGGUCUCUGAAGCCUGCAGGGGCAGGCCAGCCCUGCACUGAACGCCUGUUCUUGCCAGGUGGCAGAAGGUUGCUGC
hsa-mir-610,UCUAUUUGUCUUAGGUGAGCUAAAUGUGUGCUGGGACACAUUUGAGCCAAAUGUCCCAGCACACAUUUAGCUCACAUAAGAAAAAUGGACUCUAGU
hsa-mir-518a-1,UCUCAAGCUGUGACUGCAAAGGGAAGCCCUUUCUGUUGUCUGAAAGAAGAGAAAGCGCUUCCCUUUGCUGGAUUACGGUUUGAGA
hsa-mir-520d,UCUCAAGCUGUGAGUCUACAAAGGGAAGCCCUUUCUGUUGUCUAAAAGAAAAGAAAGUGCUUCUCUUUGGUGGGUUACGGUUUGAGA
hsa-mir-519c,UCUCAGCCUGUGACCCUCUAGAGGGAAGCGCUUUCUGUUGUCUGAAAGAAAAGAAAGUGCAUCUUUUUAGAGGAUUACAGUUUGAGA
hsa-mir-520c,UCUCAGGCUGUCGUCCUCUAGAGGGAAGCACUUUCUGUUGUCUGAAAGAAAAGAAAGUGCUUCCUUUUAGAGGGUUACCGUUUGAGA
hsa-mir-516b-1,UCUCAGGCUGUGACCAUCUGGAGGUAAGAAGCACUUUCUGUUUUGUGAAAGAAAAGAAAGUGCUUCCUUUCAGAGGGUUACUCUUUGAGA
hsa-mir-521-1,UCUCAGGCUGUGACCCUCCAAAGGGAAGAACUUUCUGUUGUCUAAAAGAAAAGAACGCACUUCCCUUUAGAGUGUUACCGUGUGAGA
hsa-mir-520f,UCUCAGGCUGUGACCCUCUAAAGGGAAGCGCUUUCUGUGGUCAGAAAGAAAAGCAAGUGCUUCCUUUUAGAGGGUUACCGUUUGGGA
hsa-mir-518e,UCUCAGGCUGUGACCCUCUAGAGGGAAGCGCUUUCUGUUGGCUAAAAGAAAAGAAAGCGCUUCCCUUCAGAGUGUUAACGCUUUGAGA
hsa-mir-516a-1,UCUCAGGCUGUGACCUUCUCGAGGAAAGAAGCACUUUCUGUUGUCUGAAAGAAAAGAAAGUGCUUCCUUUCAGAGGGUUACGGUUUGAGA
hsa-mir-522,UCUCAGGCUGUGUCCCUCUAGAGGGAAGCGCUUUCUGUUGUCUGAAAGAAAAGAAAAUGGUUCCCUUUAGAGUGUUACGCUUUGAGA
hsa-mir-512-1,UCUCAGUCUGUGGCACUCAGCCUUGAGGGCACUUUCUGGUGCCAGAAUGAAAGUGCUGUCAUAGCUGAGGUCCAAUGACUGAGG
hsa-mir-515-1,UCUCAUGCAGUCAUUCUCCAAAAGAAAGCACUUUCUGUUGUCUGAAAGCAGAGUGCCUUCUUUUGGAGCGUUACUGUUUGAGA
hsa-mir-519e,UCUCAUGCAGUCAUUCUCCAAAAGGGAGCACUUUCUGUUUGAAAGAAAACAAAGUGCCUCCUUUUAGAGUGUUACUGUUUGAGA
hsa-mir-524,UCUCAUGCUGUGACCCUACAAAGGGAAGCACUUUCUCUUGUCCAAAGGAAAAGAAGGCGCUUCCCUUUGGAGUGUUACGGUUUGAGA
hsa-mir-518f,UCUCAUGCUGUGACCCUCUAGAGGGAAGCACUUUCUCUUGUCUAAAAGAAAAGAAAGCGCUUCUCUUUAGAGGAUUACUCUUUGAGA
hsa-mir-523,UCUCAUGCUGUGACCCUCUAGAGGGAAGCGCUUUCUGUUGUCUGAAAGAAAAGAACGCGCUUCCCUAUAGAGGGUUACCCUUUGAGA
hsa-mir-338,UCUCCAACAAUAUCCUGGUGCUGAGUGAUGACUCAGGCGACUCCAGCAUCAGUGAUUUUGUUGAAGA
hsa-mir-1260b,UCUCCGUUUAUCCCACCACUGCCACCAUUAUUGCUACUGUUCAGCAGGUGCUGCUGGUGGUGAUGGUGAUAGUCUGGUGGGGGCGGUGG
hsa-mir-665,UCUCCUCGAGGGGUCUCUGCCUCUACCCAGGACUCUUUCAUGACCAGGAGGCUGAGGCCCCUCACAGGCGGC
hsa-mir-520e,UCUCCUGCUGUGACCCUCAAGAUGGAAGCAGUUUCUGUUGUCUGAAAGGAAAGAAAGUGCUUCCUUUUUGAGGGUUACUGUUUGAGA
hsa-mir-548h-1,UCUGUCCAUUAGGUGGGUGCAAAAGUAAUCGCGGUUUUUGUCAUUACUUUUAAUGGUAAAAACUGGAAUUACUUUUGCACUGACCUAAUAUUAAGCCAGAUA
hsa-mir-454,UCUGUUUAUCACCAGAUCCUAGAACCCUAUCAAUAUUGUCUCUGCUGUGUAAAUAGUUCUGAGUAGUGCAAUAUUGCUUAUAGGGUUUUGGUGUUUGGAAAGAACAAUGGGCAGG
hsa-mir-591,UCUUAUCAAUGAGGUAGACCAUGGGUUCUCAUUGUAAUAGUGUAGAAUGUUGGUUAACUGUGGACUCCCUGGCUCUGUCUCAAAUCUACUGAUUC
hsa-mir-221,UGAACAUCCAGGUCUGGGGCAUGAACCUGGCAUACAAUGUAGAUUUCUGUGUUCGUUAGGCAACAGCUACAUUGUCUGCUGGGUUUCAGGCUACCUGGAAACAUGUUCUC
hsa-mir-876,UGAAGUGCUGUGGAUUUCUUUGUGAAUCACCAUAUCUAAGCUAAUGUGGUGGUGGUUUACAAAGUAAUUCAUAGUGCUUCA
hsa-mir-449b,UGACCUGAAUCAGGUAGGCAGUGUAUUGUUAGCUGGCUGCUUGGGUCAAGUCAGCAGCCACAACUACCCUGCCACUUGCUUCUGGAUAAAUUCUUCU
hsa-mir-208a,UGACGGGCGAGCUUUUGGCCCGGGUUAUACCUGAUGCUCACGUAUAAGACGAGCAAAAAGCUUGUUGGUCA
hsa-mir-432,UGACUCCUCCAGGUCUUGGAGUAGGUCAUUGGGUGGAUCCUCUAUUUCCUUACGUGGGCCACUGGAUGGCUCCUCCAUGUCUUGGAGUAGAUCA
hsa-mir-1915,UGAGAGGCCGCACCUUGCCUUGCUGCCCGGGCCGUGCACCCGUGGGCCCCAGGGCGACGCGGCGGGGGCGGCCCUAGCGA
hsa-mir-136,UGAGCCCUCGGAGGACUCCAUUUGUUUUGAUGAUGGAUUCUUAUGCUCCAUCAUCGUCUCAAAUGAGUCUUCAGAGGGUUCU
hsa-mir-128-1,UGAGCUGUUGGAUUCGGGGCCGUAGCACUGUCUGAGAGGUUUACAUUUCUCACAGUGAACCGGUCUCUUUUUCAGCUGCUUC
hsa-mir-1269b,UGAGGUUUCUGGACUGAGCCAUGCUACUGGCUUCUCUGGUUCUCCAGCUUACAGAUGGCUUAUCAUGGGACCUCU
hsa-mir-181a-1,UGAGUUUUGAGGUUGCUUCAGUGAACAUUCAACGCUGUCGGUGAGUUUGGAAUUAAAAUCAAAACCAUCGACCGUUGAUUGUACCCUAUGGCUAACCAUCAUCUACUCCA
hsa-mir-550a-1,UGAUGCUUUGCUGGCUGGUGCAGUGCCUGAGGGAGUAAGAGCCCUGUUGUUGUAAGAUAGUGUCUUACUCCCUCAGGCACAUCUCCAACAAGUCUCU
hsa-mir-892b,UGCAAUGCCCUACUCAGAAAGGUGCCAUUUAUGUAGAUUUUAUGUCACUGGCUCCUUUCUGGGUAGAGCAAGGCUCA
hsa-mir-1273c,UGCAGCCUGGGCGACAAAACGAGACCCUGUCUUUUUUUUUUUCUGAGACAGAGUCUCGUUCUGUUGCCCAAGCUGGA
hsa-mir-190a,UGCAGGCCUCUGUGUGAUAUGUUUGAUAUAUUAGGUUGUUAUUUAAUCCAACUAUAUAUCAAACAUAUUCCUACAGUGUCUUGCC
hsa-mir-548a-1,UGCAGGGAGGUAUUAAGUUGGUGCAAAAGUAAUUGUGAUUUUUGCCAUUAAAAGUAACGACAAAACUGGCAAUUACUUUUGCACCAAACCUGGUAUU
hsa-mir-601,UGCAUGAGUUCGUCUUGGUCUAGGAUUGUUGGAGGAGUCAGAAAAACUACCCCAGGGAUCCUGAAGUCCUUUGGGUGGA
hsa-mir-125a,UGCCAGUCUCUAGGUCCCUGAGACCCUUUAACCUGUGAGGACAUCCAGGGUCACAGGUGAGGUUCUUGGGAGCCUGGCGUCUGGCC
hsa-mir-503,UGCCCUAGCAGCGGGAACAGUUCUGCAGUGAGCGAUCGGUGCUCUGGGGUAUUGUUUCCGCUGCCAGGGUA
hsa-mir-101-1,UGCCCUGGCUCAGUUAUCACAGUGCUGAUGCUGUCUAUUCUAAAGGUACAGUACUGUGAUAACUGAAGGAUGGCA
hsa-mir-125b-1,UGCGCUCCUCUCAGUCCCUGAGACCCUAACUUGUGAUGUUUACCGUUUAAAUCCACGGGUUAGGCUCUUGGGAGCUGCGAGUCGUGCU
hsa-mir-1200,UGCUACUUCUCCUGAGCCAUUCUGAGCCUCAAUCACUUGCCAGAGAGAUUGGUUCAGGAAUUUGUCAGGGAUAGCC
hsa-mir-300,UGCUACUUGAAGAGAGGUAAUCCUUCACGCAUUUGCUUUACUUGCAAUGAUUAUACAAGGGCAGACUCUCUCUGGGGAGCAAA
hsa-mir-1261,UGCUAUGGAUAAGGCUUUGGCUUAUGGGGAUAUUGUGGUUGAUCUGUUCUAUCCAGAUGACUGAAACUUUCUCCAUAGCAGC
hsa-mir-502,UGCUCCCCCUCUCUAAUCCUUGCUAUCUGGGUGCUAGUGCUGGCUCAAUGCAAUGCACCUGGGCAAGGAUUCAGAGAGGGGGAGCU
hsa-mir-188,UGCUCCCUCUCUCACAUCCCUUGCAUGGUGGAGGGUGAGCUUUCUGAAAACCCCUCCCACAUGCAGGGUUUGCAGGAUGGCGAGCC
hsa-mir-609,UGCUCGGCUGUUCCUAGGGUGUUUCUCUCAUCUCUGGUCUAUAAUGGGUUAAAUAGUAGAGAUGAGGGCAACACCCUAGGAACAGCAGAGGAACC
hsa-mir-4279,UGCUCUGUGGAGCUGAGGAGCAGAUUCUCUCUCUCUCCUCCCGGCUUCACCUCCUGAG
hsa-mir-130a,UGCUGCUGGCCAGAGCUCUUUUCACAUUGUGCUACUGUCUGCACCUGUCACUAGCAGUGCAAUGUUAAAAGGGCAUUGGCCGUGUAGUG
hsa-mir-206,UGCUUCCCGAGGCCACAUGCUUCUUUAUAUCCCCAUAUGGAUUACUUUGCUAUGGAAUGUAAGGAAGUGUGUGGUUUCGGCAAGUG
hsa-mir-190b,UGCUUCUGUGUGAUAUGUUUGAUAUUGGGUUGUUUAAUUAGGAACCAACUAAAUGUCAAACAUAUUCUUACAGCAGCAG
hsa-mir-186,UGCUUGUAACUUUCCAAAGAAUUCUCCUUUUGGGCUUUCUGGUUUUAUUUUAAGCCCAAAGGUGAAUUUUUUGGGAAGUUUGAGCU
hsa-mir-490,UGGAGGCCUUGCUGGUUUGGAAAGUUCAUUGUUCGACACCAUGGAUCUCCAGGUGGGUCAAGUUUAGAGAUGCACCAACCUGGAGGACUCCAUGCUGUUGAGCUGUUCACAAGCAGCGGACACUUCCA
hsa-mir-328,UGGAGUGGGGGGGCAGGAGGGGCUCAGGGAGAAAGUGCAUACAGCCCCUGGCCCUCUCUGCCCUUCCGUCCCCUG
hsa-mir-1269a,UGGAUUGCCUAGACCAGGGAAGCCAGUUGGCAUGGCUCAGUCCAAGUCUGACCACCUGAGGAAUGCCUGGACUGAGCCGUGCUACUGGCUUCCCUGGUCUCCAGC
hsa-mir-639,UGGCCGACGGGGCGCGCGCGGCCUGGAGGGGCGGGGCGGACGCAGAGCCGCGUUUAGUCUAUCGCUGCGGUUGCGAGCGCUGUAGGGAGCCUGUGCUG
hsa-mir-96,UGGCCGAUUUUGGCACUAGCACAUUUUUGCUUGUGUCUCUCCGCUCUGAGCAAUCAUGUGCAGUGCCAAUAUGGGAAA
hsa-mir-636,UGGCGGCCUGGGCGGGAGCGCGCGGGCGGGGCCGGCCCCGCUGCCUGGAAUUAACCCCGCUGUGCUUGCUCGUCCCGCCCGCAGCCCUAGGCGGCGUCG
hsa-mir-637,UGGCUAAGGUGUUGGCUCGGGCUCCCCACUGCAGUUACCCUCCCCUCGGCGUUACUGAGCACUGGGGGCUUUCGGGCUCUGCGUCUGCACAGAUACUUC
hsa-mir-1-1,UGGGAAACAUACUUCUUUAUAUGCCCAUAUGGACCUGCUAAGCUAUGGAAUGUAAAGAAGUAUGUAUCUCA
hsa-let-7a-1,UGGGAUGAGGUAGUAGGUUGUAUAGUUUUAGGGUCACACCCACCACUGGGAGAUAACUAUACAAUCUACUGUCUUUCCUA
hsa-mir-6134,UGGGCCUUGAUGUCAGUAGGGCUCAGUAGGGAACUGACCCUCUAUUUCCACCUGCAUAAAUGAAGCUGAAUGAGGUGGUAGGAUGUAGAGCUGGUUGACACUCUGCUUU
hsa-mir-4315-1,UGGGCUUUGCCCGCUUUCUGAGCUGGACCCUCUCUCUACCUCUGGUGCAGAACUACAGCGGAAGGAAUCUCUG
hsa-mir-144,UGGGGCCCUGGCUGGGAUAUCAUCAUAUACUGUAAGUUUGCGAUGAGACACUACAGUAUAGAUGAUGUACUAGUCCGGGCACCCCC
hsa-mir-577,UGGGGGAGUGAAGAGUAGAUAAAAUAUUGGUACCUGAUGAAUCUGAGGCCAGGUUUCAAUACUUUAUCUGCUCUUCAUUUCCCCAUAUCUACUUAC
hsa-mir-585,UGGGGUGUCUGUGCUAUGGCAGCCCUAGCACACAGAUACGCCCAGAGAAAGCCUGAACGUUGGGCGUAUCUGUAUGCUAGGGCUGCUGUAACAA
hsa-mir-495,UGGUACCUGAAAAGAAGUUGCCCAUGUUAUUUUCGCUUUAUAUGUGACGAAACAAACAUGGUGCACUUCUUUUUCGGUAUCA
hsa-mir-409,UGGUACUCGGGGAGAGGUUACCCGAGCAACUUUGCAUCUGGACGACGAAUGUUGCUCGGUGAACCCCUUUUCGGUAUCA
hsa-mir-411,UGGUACUUGGAGAGAUAGUAGACCGUAUAGCGUACGCUUUAUCUGUGACGUAUGUAACACGGUCCACUAACCCUCAGUAUCAAAUCCAUCCCCGAG
hsa-mir-4467,UGGUGGCGGCGGUAGUUAUGGGCUUCUCUUUCUCACCAGCAGCCCCUGGGCCGCCGCCUCCCU
hsa-mir-1285-1,UGUAGAGAUAGGAUCUCACUUUGUUGCCCAGGCUGGUCUCAAACUCCUGGUCUGGGCAACAAAGUGAGACCUUAUCUCUACAAG
hsa-mir-1246,UGUAUCCUUGAAUGGAUUUUUGGAGCAGGAGUGGACACCUGACCCAAAGGAAAUCAAUCCAUAGGCUAGCAAU
hsa-mir-606,UGUAUCCUUGGUUUUUAGUAGUUUUACUAUGAUGAGGUGUGCCAUCCACCCCAUCAUAGUAAACUACUGAAAAUCAAAGAUACAAGUGCCUGACCA
hsa-mir-297,UGUAUGUAUGUGUGCAUGUGCAUGUAUGUGUAUAUACAUAUAUAUGUAUUAUGUACUCAUAUAUCA
hsa-mir-152,UGUCCCCCCCGGCCCAGGUUCUGUGAUACACUCCGACUCGGGCUCUGGAGCAGUCAGUGCAUGACAGAACUUGGGCCCGGAAGGACC
hsa-mir-1910,UGUCCCUUCAGCCAGUCCUGUGCCUGCCGCCUUUGUGCUGUCCUUGGAGGGAGGCAGAAGCAGGAUGACAAUGAGGGCAA
hsa-mir-21,UGUCGGGUAGCUUAUCAGACUGAUGUUGACUGUUGAAUCUCAUGGCAACACCAGUCGAUGGGCUGUCUGACA
hsa-mir-127,UGUGAUCACUGUCUCCAGCCUGCUGAAGCUCAGAGGGCUCUGAUUCAGAAAGAUCAUCGGAUCCGUCUGAGCUUGGCUGGUCGGAAGUCUCAUCAUC
hsa-mir-548a-2,UGUGAUGUGUAUUAGGUUUGUGCAAAAGUAAUUGGGGUUUUUUGCCGUUAAAAGUAAUGGCAAAACUGGCAAUUACUUUUGCACCAAACUAAUAUAA
hsa-mir-128-2,UGUGCAGUGGGAAGGGGGGCCGAUACACUGUACGAGAGUGAGUAGCAGGUCUCACAGUGAACCGGUCUCUUUCCCUACUGUGUC
hsa-mir-105-1,UGUGCAUCGUGGUCAAAUGCUCAGACUCCUGUGGUGGCUGCUCAUGCACCACGGAUGUUUGAGCAUGUGCUACGGUGUCUA
hsa-let-7f-2,UGUGGGAUGAGGUAGUAGAUUGUAUAGUUUUAGGGUCAUACCCCAUCUUGGAGAUAACUAUACAGUCUACUGUCUUUCCCACG
hsa-mir-939,UGUGGGCAGGGCCCUGGGGAGCUGAGGCUCUGGGGGUGGCCGGGGCUGACCCUGGGCCUCUGCUCCCCAGUGUCUGACCGCG
hsa-mir-140,UGUGUCUCUCUCUGUGUCCUGCCAGUGGUUUUACCCUAUGGUAGGUUACGUCAUGCUGUUCUACCACAGGGUAGAACCACGGACAGGAUACCGGGGCACC
hsa-mir-18b,UGUGUUAAGGUGCAUCUAGUGCAGUUAGUGAAGCAGCUUAGAAUCUACUGCCCUAAAUGCCCCUUCUGGCA
hsa-mir-18a,UGUUCUAAGGUGCAUCUAGUGCAGAUAGUGAAGUAGAUUAGCAUCUACUGCCCUAAGUGCUCCUUCUGGCA
hsa-mir-363,UGUUGUCGGGUGGAUCACGAUGCAAUUUUGAUGAGUAUCAUAGGAGAAAAAUUGCACGGUAUCCAUCUGUAAACC
hsa-mir-1297,UGUUUAUCUCUAGGGUUGAUCUAUUAGAAUUACUUAUCUGAGCCAAAGUAAUUCAAGUAAUUCAGGUGUAGUGAAAC
hsa-mir-335,UGUUUUGAGCGGGGGUCAAGAGCAAUAACGAAAAAUGUUUGUCAUAAACCGUUUUUCAUUAUUGCUCCUGACCUCCUCUCAUUUGCUAUAUUCA
hsa-mir-874,UUAGCCCUGCGGCCCCACGCACCAGGGUAAGAGAGACUCUCGCUUCCUGCCCUGGCCCGAGGGACCGACUGGCUGGGC
hsa-mir-616,UUAGGUAAUUCCUCCACUCAAAACCCUUCAGUGACUUCCAUGACAUGAAAUAGGAAGUCAUUGGAGGGUUUGAGCAGAGGAAUGACCUGUUUUAAAA
hsa-mir-875,UUAGUGGUACUAUACCUCAGUUUUAUCAGGUGUUCUUAAAAUCACCUGGAAACACUGAGGUUGUGUCUCACUGAAC
hsa-mir-3654,UUCAUGAGCUGCAAUCUCAUCACUGGAAUGUUCCAGCGACUGGACAAGCUGAGGAA
hsa-mir-653,UUCAUUCCUUCAGUGUUGAAACAAUCUCUACUGAACCAGCUUCAAACAAGUUCACUGGAGUUUGUUUCAAUAUUGCAAGAAUGAUAAGAUGGAAGC
hsa-mir-3163,UUCCUCAUCUAUAAAAUGAGGGCAGUAAGACCUUCCUUCCUUGUCUUACUACCCCCAUUUUAUAGAUGAGGAA
hsa-mir-602,UUCUCACCCCCGCCUGACACGGGCGACAGCUGCGGCCCGCUGUGUUCACUCGGGCCGAGUGCGUCUCCUGUCAGGCAAGGGAGAGCAGAGCCCCCCUG
hsa-mir-4650-1,UUCUGUAGAGAUUAUCAGGCCUCUUUCUACCUUCCAAGGCUCAGAAGGUAGAAUGAGGCCUGACAUAUCUGCAGGA
hsa-mir-369,UUGAAGGGAGAUCGACCGUGUUAUAUUCGCUUUAUUGACUUCGAAUAAUACAUGGUUGAUCUUUUCUCAG
hsa-mir-491,UUGACUUAGCUGGGUAGUGGGGAACCCUUCCAUGAGGAGUAGAACACUCCUUAUGCAAGAUUCCCUUCUACCUGGCUGGGUUGG
hsa-mir-377,UUGAGCAGAGGUUGCCCUUGGUGAAUUCGCUUUAUUUAUGUUGAAUCACACAAAGGCAACUUUUGUUUG
hsa-mir-15b,UUGAGGCCUUAAAGUACUGUAGCAGCACAUCAUGGUUUACAUGCUACAGUCAAGAUGCGAAUCAUUAUUUGCUGCUCUAGAAAUUUAAGGAAAUUCAU
hsa-mir-7-1,UUGGAUGUUGGCCUAGUUCUGUGUGGAAGACUAGUGAUUUUGUUGUUUUUAGAUAACUAAAUCGACAACAAAUCACAGUCUGCCAUAUGGCACAGGCCAUGCCUCUACAG
hsa-mir-4428,UUGGCAGGUGCCAUGUUGCCUGCUCCUUACUGUACACGUGGCUGGCAAGGAGACGGGAACAUGGAGCCGCCAU
hsa-mir-4319,UUGGCUUGAGUCCCUGAGCAAAGCCACUGGGAAUGCUCCCUGAGGACGUUAUAUGAGUGCUCAGCUCAUGGGGCUAUGAUGGUCA
hsa-mir-744,UUGGGCAAGGUGCGGGGCUAGGGCUAACAGCAGUCUUACUGAAGGUUUCCUGGAAACCACGCACAUGCUGUUGCCACUAACCUCAACCUUACUCGGUC
hsa-mir-323a,UUGGUACUUGGAGAGAGGUGGUCCGUGGCGCGUUCGCUUUAUUUAUGGCGCACAUUACACGGUCGACCUCUUUGCAGUAUCUAAUC
hsa-mir-487b,UUGGUACUUGGAGAGUGGUUAUCCCUGUCCUGUUCGUUUUGCUCAUGUCGAAUCGUACAGGGUCAUCCACUUUUUCAGUAUCAA
hsa-mir-340,UUGUACCUGGUGUGAUUAUAAAGCAAUGAGACUGAUUGUCAUAUGUCGUUUGUGGGAUCCGUCUCAGUUACUUUAUAGCCAUACCUGGUAUCUUA
hsa-mir-4653,UUGUCCAAUUCUCUGAGCAAGGCUUAACACCAAAGGGUUAAGGGUUUGCUCUGGAGUUAAGGGUUGCUUGGAGAAUUGGAGAA
hsa-mir-103a-2,UUGUGCUUUCAGCUUCUUUACAGUGCUGCCUUGUAGCAUUCAGGUCAAGCAGCAUUGUACAGGGCUAUGAAAGAACCA
hsa-mir-1248,UUUACCUUCUUGUAUAAGCACUGUGCUAAAAUUGCAGACACUAGGACCAUGUCUUGGUUUUUGCAAUAAUGCUAGCAGAGUACACACAAGAAGAAAAGUAACAGCA
hsa-mir-765,UUUAGGCGCUGAUGAAAGUGGAGUUCAGUAGACAGCCCUUUUCAAGCCCUACGAGAAACUGGGGUUUCUGGAGGAGAAGGAAGGUGAUGAAGGAUCUGUUCUCGUGAGCCUGAA
hsa-mir-151a,UUUCCUGCCCUCGAGGAGCUCACAGUCUAGUAUGUCUCAUCCCCUACUAGACUGAAGCUCCUUGAGGACAGGGAUGGUCAUACUCACCUC
hsa-mir-2113,UUUUCAAAGCAAUGUGUGACAGGUACAGGGACAAAUCCCGUUAAUAAGUAAGAGGAUUUGUGCUUGGCUCUGUCACAUGCCACUUUGAAAA
